"video_id","title","published_at","channel_title","duration"
"FzaxjqYo4oc","Anonymous : Knowledge is Power- 06DD[9]11: ZeroSec DeepState 11","2017-10-07T13:41:18.000Z","Anonymous ZeroSec","PT34M21S"
"1TYWk7hpnXA","America Terrified from CPEC project | Pakistan China | Neo At Five","2017-10-07T12:36:40.000Z","Neo Tv Network - Official","PT13M59S"
"ztm5C2P4sYg","Enkishon Farm Project","2017-10-07T11:49:32.000Z","UhuruKenyattaTV","PT3M53S"
"u5fMiX2ZMCw","Kenya arrests opposition supporters in electoral commissioners protest","2017-10-07T08:23:35.000Z","SABC Digital News","PT2M50S"
"BUZsWxpfGg0","Remarks on Gikomba Market fire tragedy.","2017-10-07T07:12:24.000Z","UhuruKenyattaTV","PT1M13S"
"aK6e_AJdVus","MERU TOUR","2017-10-07T07:11:56.000Z","UhuruKenyattaTV","PT3M40S"
"LyXIWe044bM","Meru Tour","2017-10-07T07:11:15.000Z","UhuruKenyattaTV","PT1M48S"
"ysmJjU4GdrM","Kenyan opposition launch second protest against EC, police fire teargas.","2017-10-07T02:47:33.000Z","MediMatic News","PT1M41S"
"ZO7j1KRygAw","The last showking speech from former senator Hassan Omar before joining jubilee","2017-10-06T23:31:22.000Z","Charles Stureh","PT13M50S"
"emI_FOGYrmc","Peter Munya's  ELECTRIC Speech In Meru town After joining Jubilee.","2017-10-06T22:24:32.000Z","Joji Wanyoike","PT28S"
"Zy8Q8MacuAQ","Anti-IEBC demos disrupt businesses in western Kenya","2017-10-06T21:08:32.000Z","KTN News Kenya","PT3M35S"
"6uoWvolX2tc","NASA PROTESTS IN NAIROBI WERE A SUCCESS TODAY OCTOBER 6,2017","2017-10-06T20:56:41.000Z","Raila Odinga vs Uhuru Kenyatta 2017","PT3M3S"
"VdWlNCY1CLQ","NIBIRU PLANET X UPDATE NASA Confirm :today October 28, 2017 PLANET X NIBIRU Arrives will Convert Ea","2017-10-06T20:31:46.000Z","Nibiru Earth Hitting","PT59M43S"
"_5tcwCjmY90","WHAT BABU OWINO & EDWIN SIFUNA SAID DURING NASA DEMOS IN NAIROBI TODAY 10/6/17","2017-10-06T20:24:42.000Z","Raila Odinga vs Uhuru Kenyatta 2017","PT16M36S"
"G_SNEHvSOyc","BEFORE OMAR HASSAN JOINS JUBILEE HIS SPEECH WILL SHOCK YOU","2017-10-06T19:52:39.000Z","KENYA LATEST NEWS 2017","PT13M50S"
"lricNIoedOA","Protesters calling for removal of Kenya's electoral commissioners arrested","2017-10-06T18:52:07.000Z","SABC Digital News","PT2M45S"
"tq3BQSN82Ws","Uhuru accuses Raila of sabotaging economy","2017-10-06T18:34:03.000Z","Kenya NTV","PT1M12S"
"9dF7VtZBOxE","President Kenyatta, DP Ruto address rallies in Meru county","2017-10-06T18:24:13.000Z","K24TV","PT4M41S"
"aQCgBlh17d0","Several arrested in Kisumu during anti-IEBC demonstrations","2017-10-06T18:21:13.000Z","Kenya NTV","PT2M57S"
"IoLdARDCWI8","Live: President Trump Speech At Hispanic Heritage Month Event 10/6/17","2017-10-06T17:53:26.000Z","President Trump","PT1H46S"
"xNu1ZlEn3wc","Kenyan police paid to shoot NASA protesters in nairobi and nyanza!!","2017-10-06T16:46:07.000Z","KENYAN TUBE","PT1M33S"
"pUGX062REmQ","TAAGEERAYAASHA XISBIGA MUCAARADKA KENYA EE NASA OO MUDAAHARAADYO KA SAMEEYAY NAIROBI IYO KISUMU","2017-10-06T16:21:01.000Z","Somali cable","PT1M"
"1oCuWwsDHUY","RTN TV: Falanqeyn cabashada NASA ee Doorashadii Kenya","2017-10-06T16:06:56.000Z","RTN Somali TV","PT5M8S"
"Q8MTFO2PbGU","1000s ATTENDS NASA IEBC DEMOS TODAY","2017-10-06T15:12:17.000Z","KENYA LATEST NEWS 2017","PT33M31S"
"yUGUK5IqYqM","NASA SUPPORTES  VS NAIROBI BUSINESS COMMUNITY DRAMAS CONTINUES","2017-10-06T15:12:17.000Z","KENYA LATEST NEWS 2017","PT20M1S"
"02PhQQotRI0","OPPOSITION PROTESTERS  CLASH WITH  THE NAIROBI BUSINESS  COMMUNITY","2017-10-06T14:39:12.000Z","Viral Radio Africa","PT3M9S"
"RhfgiPV2zeY","President Kenyatta orders probe into Gikomba market fire","2017-10-06T14:28:56.000Z","Capital FM Kenya","PT4M14S"
"DclDYZFeTNQ","Anti-IEBC demos turn chaotic as police boss issues stern warning","2017-10-06T13:20:39.000Z","Tuko / Tuco","PT5M26S"
"cv9y572xqUE","Nairobi Anti-IEBC demos largely peaceful","2017-10-06T12:42:19.000Z","Kenya NTV","PT5M5S"
"UjTyqskZX9Q","Anti IEBC demos dispersed by police in Nairobi","2017-10-06T12:30:27.000Z","Kenya NTV","PT4M9S"
"cujg4VA3CTE","Kenya opposition supporters demand removal of electoral commissioners","2017-10-06T12:24:43.000Z","SABC Digital News","PT2M37S"
"erZhbxPjCQs","News Desk: What Gikomba traders can do to cushion themselves from fire incidences","2017-10-06T11:56:11.000Z","KTN News Kenya","PT11M46S"
"FruYMb6Ioho","Imran Khan Press Conference | 06 October 2017 | Bol News","2017-10-06T11:54:27.000Z","Power TV Talk Shows","PT29M39S"
"HNEUKfVmj8g","Esther Passaris leads NASA supporters as they conduct anti-IEBC demos","2017-10-06T10:35:51.000Z","KTN News Kenya","PT2M4S"
"ou52SL1iH7E","Why insurers are pulling out of covering businesses in Gikomba Market","2017-10-06T09:55:16.000Z","Kenya NTV","PT3M13S"
"ngvVyIrHbGU","PM Modi's speech at Joint Press Statement with President of European Council & European Commission","2017-10-06T09:39:41.000Z","Narendra Modi","PT5M58S"
"a2cZcs0tEYg","Nairobi Business Community","2017-10-06T09:15:25.000Z","Tyson Ronnie","PT2M1S"
"69OpjDPCkc0","News Center: NASA anti-IEBC demos build up in various towns","2017-10-06T09:14:58.000Z","KTN News Kenya","PT26M16S"
"LTyqCtuQd5I","Raila Odinga says,""NATAKA KUONA CHUPI ZA WANAWAKE.""","2017-10-06T08:38:55.000Z","E News Kenya","PT1M4S"
"sJgQiWZPXmI","NASA Confirm :today October 28, 2017 PLANET X NIBIRU Arrives will Convert Earth to an ICEBALL","2017-10-06T07:02:00.000Z","NaNa Channel","PT59M59S"
"jjEHiiqc7YA","SEE HOW MOHA JICHO PEVU IS TRANSFORMING NYALI","2017-10-06T06:39:35.000Z","Kenya News Alert TV","PT2M4S"
"n-9-P1wE44k","'NAIROBI BUSINESS COMMUNITY' SAY THEY WON'T ALLOW NASA AT CBD","2017-10-06T06:28:43.000Z","Kenya News Alert TV","PT1M15S"
"CXTJJAJQ7VY","VP Mike Pence speech to the Puerto Rican community. Kissimmee, FL.  October 5, 2017.","2017-10-06T04:27:08.000Z","CHANNEL90seconds newscom","PT13M2S"
"3_IHIekIWIM","RAILA INCITING MCAs AND HIS GOONS..AMESEMA ANATAKA KUONA CHUPI ZA WAMAMA","2017-10-06T03:34:00.000Z","bigkim tv & studios kim turacco","PT1M17S"
"e4O25oVCygk","Vivek full speech about thala in stunt union function.  Vivek about thala full HD vidoe. Thala mass","2017-10-05T22:20:05.000Z","Sathesh kumar Dhoni","PT2M42S"
"RZUwlQ7bniM","Vice President Mike Pence Hosts National Space Council","2017-10-05T21:32:19.000Z","PRESIDENT DONALD TRUMP NEWS & LIVE SPEECH 2017","PT2H27M58S"
"kW6rSP2ut5Q","Opinion Court | Fresh Election Dispute #OpinionCourt","2017-10-05T20:53:08.000Z","Kenya CitizenTV","PT50M1S"
"cNccsGEAWvs","UHURU IN KISII DURING HIS RE ELECTION CAMPAIGN","2017-10-05T20:21:57.000Z","SIR. ACCURATE","PT12M42S"
"W1UI164iFiU","IEBC Chairman Wafula Chebukati sent away to bring his entire Commission","2017-10-05T19:09:09.000Z","Kenya NTV","PT1M18S"
"YRIB6m9ByYA","Nasa supporter dine after protests in New York","2017-10-05T18:18:38.000Z","DailyNation","PT6M50S"
"4nlhtwrpfPg","UHURU KENYATTA SAYS HE WON IN AUGUST GENERAL ELECTION WHILE IN KISII TODAY 10/5/17","2017-10-05T16:24:06.000Z","Raila Odinga vs Uhuru Kenyatta 2017","PT6M59S"
"d72ibPIgpAg","Elphinstone stampede: MNS chief Raj Thackeray addresses rally in Mumbai","2017-10-05T14:52:04.000Z","OutlookMagazine","PT2M44S"
"UzYeo1ItzMQ","Jubilee MPs attacked by bees  AGAIN!!","2017-10-05T14:33:01.000Z","KENYAN TUBE","PT32S"
"v_aYZ_xBRKc","10 photos of Uhuru and Margaret that were hidden before","2017-10-05T14:05:06.000Z","ARAP KALYA","PT1M50S"
"NHIEnoMapuQ","NEWS DESK: NASA remains adamant- Where does that leave us?","2017-10-05T13:32:27.000Z","KTN News Kenya","PT9M51S"
"mrAwN-rIy9g","PART 1 | Raj thackeray morcha against railway administration | full speech 5 october 2017","2017-10-05T12:57:25.000Z","Akshay More","PT15M18S"
"_UFUvSOfm9A","No agreement yet between NASA and IEBC","2017-10-05T12:13:25.000Z","KBC Channel 1","PT2M38S"
"RK-f1OWdJr4","UHURU AT EKERENYO,NYAMIRA","2017-10-05T12:12:52.000Z","Kenya News Alert TV","PT14M59S"
"CEmRRJI1a3c","PM Modi, at Inauguration of, Golden Jubilee Year of ICSI , Part (8)","2017-10-05T12:12:14.000Z","INN Network","PT8M30S"
"tijl_uwEcC4","KENYA NEWS ALERT: POLICE QUICKLY RUSH TO PRAY FOR FORGIVENESS AFTER UoN Attacks","2017-10-05T11:55:28.000Z","KDRTV News Kenya","PT53S"
"yZGzT_-7XaE","""KWANI RAILA AKO NA 3 SI NI MBILI KAMA MIMI"", OLE SEKUDA","2017-10-05T11:27:12.000Z","Kenya Headlines","PT1M15S"
"R4vh9f11Kpg","PM Modi, at Inauguration of, Golden Jubilee Year of ICSI , Part (4) - INN Network","2017-10-05T10:59:35.000Z","INN Network","PT10M42S"
"WZy1vRFhKH8","CM Yogi Adityanath's Speech in Kerala         ","2017-10-05T10:55:17.000Z","The Big Debate","PT25M26S"
"inah61_4j08","            Pm Modi fantastic speech on  GDP & Economy","2017-10-05T10:29:26.000Z","Modi For 2019","PT7M17S"
"GcU-txr9qHE","uhuru tells kisii people ' MATIANGI IS NO. 3 IN POWER AFTER RUTO.....","2017-10-05T09:57:32.000Z","KENYA TRENDS","PT2M31S"
"NES-kumnLH8","IEBC Chairman-Wafula Chebukati moves to Supreme Court seeking clarification of the law","2017-10-05T09:44:14.000Z","KTN News Kenya","PT22S"
"B06WiEMO5fo","IEBC meet NASA and Jubilee teams","2017-10-05T09:07:04.000Z","KBC Channel 1","PT3M42S"
"kpVWXPn7Wag","Kalembe Ndile sends Parliamentary Committee on the floor |FlipTv","2017-10-05T08:53:17.000Z","Flip Tv Kenya","PT2M26S"
"o60WFI-Yo68","Uhuru meets Kuria leaders at State House","2017-10-05T08:47:22.000Z","The Star Kenya","PT2M39S"
"gt4EXmeAnm8","PM Modi  Film    , Music  CM   ","2017-10-05T08:32:26.000Z","Indilinks News","PT1M45S"
"Lczn3COsJMo","PM Modi's Speech at Inauguration of Golden Jubilee Year Celebrations of ICSI","2017-10-05T08:15:06.000Z","NewsPill","PT1H5M24S"
"C3TNCS17Vqc","PM Inaugurates ICSI Golden Jubilee Year Celebrations (Video 3)","2017-10-05T08:11:52.000Z","456grover","PT30M27S"
"RoWkE41ZXzU","His Majesty The Sultan of Brunei Golden Jubilee Part 4","2017-10-05T07:50:53.000Z","Mr Syaf Bakar","PT4M4S"
"-GuStaxvoQE","When President Uhuru Kenyatta invited Babu Owino to State House for dinner","2017-10-05T07:29:45.000Z","Kenya News Alert TV","PT39S"
"l80AX3ccSMw","PM Inaugurates ICSI Golden Jubilee Year Celebrations (Video 4)","2017-10-05T07:02:57.000Z","ICSI Institute of Company Secretaries of India","PT30M27S"
"99Sl3qPczF8","Chebukati to present views to MPs committee","2017-10-05T06:53:17.000Z","KTN News Kenya","PT10M52S"
"Posl4TLrJGs","SONKO IS NOT DONE WITH BABU OWINO","2017-10-05T06:27:39.000Z","Kenya News Alert TV","PT3M26S"
"CScoV2h8a6I","Akhilesh Yadav likely to re-elect as Samajwadi Party National Chief","2017-10-05T05:51:18.000Z","News Nation","PT1M2S"
"kB7ACzNT5zY","State of the Nation: Kenyans views on IEBC, NASA meeting","2017-10-05T05:50:00.000Z","KTN News Kenya","PT12M2S"
"jJe7RImhf1w","STATE OF THE NATION: Meeting between IEBC and NASA","2017-10-05T05:49:02.000Z","KTN News Kenya","PT30M14S"
"QMoRWWVTrgo","Fundamentals of Indian economy strong says Modi","2017-10-05T05:34:40.000Z","asianetnews","PT2M24S"
"lKutuz-5zwk","Kenya Police Service Band Display 2017","2017-10-05T05:22:40.000Z","Moses Asisi","PT23M44S"
"hPUDgUwJTxc","This is what I urged company secretaries and ICSI to do in the run-up to 2022, when India turns 75","2017-10-05T05:22:20.000Z","Narendra Modi","PT3M4S"
"Q5WnDu7IIlo","PM Modi Inaugurates Umiya Dham Ashram, Haridwar through Video Conferencing","2017-10-05T05:12:00.000Z","PMO India","PT24M21S"
"FAzsVqzIZXA","PM Modi addresses programme to mark inauguration of Umiya Dham Ashram at Haridwar, via VC","2017-10-05T05:11:55.000Z","Narendra Modi","PT24M9S"
"bfU64FFq8iY","FULL SPEECH : PM Modi addresses gathering at the Golden Jubilee Year Celebrations of the ICSI","2017-10-05T05:08:02.000Z","News On Trends","PT1H9M14S"
"-DxHkQpCWgo","William Ruto Aomba Kura kule VIHIGA","2017-10-05T04:45:30.000Z","AJAABU TV","PT1M8S"
"yUI-RKdYi_E","PM Modi Slams Critics, Defends Demonetisation & GST","2017-10-05T04:30:23.000Z","India Today","PT4M42S"
"JUedS5zKykI","This govt has focussed on personal sector, along with private & public sectors to spur employability","2017-10-05T04:21:19.000Z","Indian Politics","PT1M46S"
"UHCXKDp6uKk","Delhi CM Arvind Kejriwal Roaring Speech in Delhi Assembly, Exposes BJP MLAs","2017-10-05T04:18:07.000Z","Daily Trending News","PT9M16S"
"WqRH1rRJti4","Fell to the writing on the wall on economy from some quarters  Here is #Modinomics with facts!","2017-10-05T03:57:14.000Z","Indian Politics","PT3M7S"
"TR8YmNKY1f4","   6   8        5 7     ","2017-10-05T03:56:36.000Z","Politics India","PT1M4S"
"3P49d0DLaTE","Fell to the writing on the wall on economy from some quarters  Here is #Modinomics with facts!","2017-10-05T03:56:24.000Z","Politics India","PT3M7S"
"dymGC0gOmRQ","Trump Las Vegas' ziyaret etti","2017-10-05T03:10:23.000Z","euronews (Trke)","PT52S"
"vdminWyyiFM","Gujarat Elections 2017:  Why Political Parties are wooing the Patidars | Vtv News","2017-10-05T02:57:20.000Z","Vtv Gujarati News","PT22M43S"
"lz160eMi-y4","House panel votes 25-2 to approve sufficiency of grounds of impeachment complaint vs Sereno.","2017-10-05T02:50:15.000Z","Dpatrol26","PT23M44S"
"MUfPGmjaX0g","Venkaiah Speech at Acharya NG Ranga Agricultural University 49th Convocation | TV5 News","2017-10-05T02:21:04.000Z","TV5 News","PT1M51S"
"B7H8jWBkK50","ABL LIVE: Vegas, Gun Control, Michelle Obama's Comments, Trump v Tillerson - Call in (434) 658-1220","2017-10-05T01:47:29.000Z","Anthony Brian Logan","PT2H6M51S"
"1uAHZus8-ik","Chebukati AND Chiloba IN SHOCK as luyah women FAIL to defend them","2017-10-05T01:05:53.000Z","KDRTV News Kenya","PT3M21S"
"C91qJ4j-Da0","Hon. Nyong'o cries in studio ""They KILLED my brother, 30 years ago for no reason""","2017-10-05T00:24:52.000Z","KDRTV News Kenya","PT11M46S"
"JEa4bynzQRo","NASA OPINION WITH OIENDE AMOLLO~IS MUNGIKI BACK??","2017-10-04T21:48:14.000Z","KENYA LATEST NEWS 2017","PT17M50S"
"bt7C6yzW-Gs","Five things that went wrong with May's speech - BBC News","2017-10-04T21:21:26.000Z","BBC News","PT1M49S"
"d3Ny6j2w6aQ","10/4/2017 - Vegas updates and ""What is not the answer""","2017-10-04T21:00:02.000Z","Two Plebs Talk News","PT28M40S"
"9Igc0mRPt9M","First Lady gutwaara tabarira cia kuguna atumia Wajir","2017-10-04T20:53:25.000Z","iNooro TV","PT2M30S"
"KkIcg81rmGc","BREAKING:  Putin Makes  MASSIVE Trump  Announcement","2017-10-04T20:48:56.000Z","MLordandGod","PT2M37S"
"2bFP-E2Mv-U","Uhuru kuhoya kura cia Kuria","2017-10-04T20:35:08.000Z","iNooro TV","PT2M53S"
"1ADJHPXahvI","PM Modi explains Some interesting facts in his speech at ICSI.","2017-10-04T19:32:56.000Z","Mausam K","PT5M19S"
"Yw5ReMEOzck","Kenya to take part at the annual grain summit in Dar es Salaam","2017-10-04T19:20:28.000Z","KTN News Kenya","PT3M14S"
"J2U9SK3iHFs","Woman puts up enthusiastic defence for Chiloba in IEBC","2017-10-04T18:08:16.000Z","Kenya CitizenTV","PT1M44S"
"9grMK-Nt2Q0","DNA: Exclusive conversation with Sadhguru Jaggi Vasudev on positive perception of life","2017-10-04T18:02:46.000Z","Zee News","PT10M20S"
"SBySzDSgIJg","DNA: Analysis on strong numbers put forth by PM Modi in his speech today","2017-10-04T17:54:26.000Z","Zee News","PT14M2S"
"xnhOds8khlc","For Present Gains, I Will Not Ruin the Countrys Future: PM Modi","2017-10-04T17:49:21.000Z","The Quint","PT4M52S"
"OdZDXn7rkV4","PM Modi addresses Company Secretaries at golden jubilee year of ICSI, hails demonetisation","2017-10-04T17:31:36.000Z","ANI News Official","PT2M"
"vf7KpfyqXBg","Did fake news save Kenya from an Internet shutdown? Emerging Trends in Tech and Elections in Africa","2017-10-04T17:23:31.000Z","The Berkman Klein Center for Internet & Society","PT1H4M26S"
"oew7t8bAkT8","Smriti Irani latest Firing speech and slmas Rahul Gandhi in Gujarat today","2017-10-04T17:10:22.000Z","Ye Jo Desh Hain Swadesh Hain Tera","PT13M10S"
"Toky1E109Vs","Demonetization and GST are Main Reasons for Decline in GDP Rate? || Story Board 03 || NTV","2017-10-04T16:55:22.000Z","NTV Telugu","PT6M24S"
"x-Jptck7zCI","Demonetization and GST are Main Reasons for Decline in GDP Rate? || Story Board 02 || NTV","2017-10-04T16:55:06.000Z","NTV Telugu","PT6M15S"
"gRz_DoXURGY","Prime Minister Narendra Modi admits growth slipped","2017-10-04T16:33:58.000Z","WION","PT7M42S"
"JMagD-9F_WQ","Yogi Adityanath         Yogi Adityanath today's speech in Kerala","2017-10-04T16:32:08.000Z","Modi Fan Club Official","PT1H10M39S"
"WMVjSwtrF20","William Ruto afanya kampeni Vihiga akampokea Yusuf Chanzu Jubilee","2017-10-04T16:23:05.000Z","KTN News Kenya","PT1M20S"
"v7QbiHizvf0","Raila Odinga asema maandamano dhidi ya wakuu wa IEBC yataendelea","2017-10-04T16:20:49.000Z","KTN News Kenya","PT2M54S"
"DTF-LL_CP6I","PM Modi Speech Economic Policy and Black Money | Delhi | 10TV","2017-10-04T16:19:07.000Z","10TVNewsChannel","PT2M1S"
"21NQYv1xxIE","Won't Jeopardise Future Of Country For My Present Gains: PM Modi | CNN-News18","2017-10-04T16:05:21.000Z","CNN-News18","PT18M3S"
"FvSMjS9OXqk","FULL SPEECH: PM Modi breaks his silence on criticism of economy; answers Yashwant Sinha","2017-10-04T15:55:48.000Z","ABP NEWS","PT1H6M57S"
"LssYUg03Pi8","PM Modi's Full Speech While Addressing Company Secretaries In New Delhi","2017-10-04T15:47:23.000Z","TIMES NOW","PT1H5M39S"
"Gi6_I0t93Bc","9PM Headlines | Weather Report | Singur Power Generation | Singareni Elections | Kaka Jayanthi | V6","2017-10-04T15:35:59.000Z","V6 News Telugu","PT1M40S"
"Ro5WeUIJvPw","PM Narendra Modi speaks at ICSI event","2017-10-04T15:30:26.000Z","IndiaTV","PT1H9M28S"
"K1UIYQ0uSuc","PM MODI FUNNY Latest Speech OCT 2017","2017-10-04T15:16:46.000Z","celeb FUNvideos","PT1H31M17S"
"GqJXGW69-TE","PM Narendra Modi Addresses Company Secretaries","2017-10-04T14:54:58.000Z","News 24","PT29M41S"
"sJGkY04Sx-0","FULL RAILA PRESS: NO REFORMS NO ELECTIONS","2017-10-04T14:39:58.000Z","Quick News Kenya","PT23M15S"
"K96WroQXN7c","latest Narendra Modi best speech","2017-10-04T14:28:09.000Z","Sourabh Kadawat","PT3M27S"
"6AByMc4LAYA","Bikram Singh Majithia Speech vs Sunil Jakhar At Gurdaspur By Elections Punjab 2017","2017-10-04T14:27:15.000Z","Indian Entertainment And Top News Channel","PT19M59S"
"iImec5lqMWU","Irrigation Minister Releases Godavari Water From Tapaspally Reservoir To Siddipet","2017-10-04T14:16:17.000Z","ETV Telangana","PT3M57S"
"amAoqLAGDNY","PM Narendra Modi inaugurates Golden Jubilee Year Celebrations of ICSI 10/October/2017","2017-10-04T14:15:49.000Z","SHARADA NETWORK","PT10M1S"
"nO8JM0e1HvY","PM Narendra Modi at golden jubilee celebrations of ICSI","2017-10-04T14:14:32.000Z","ETV Telangana","PT9M51S"
"XJAnyuh-koQ","PM Modi inaugurates Golden Jubilee Year Celebrations of the ICSI","2017-10-04T14:12:17.000Z","PMO India","PT1H31M8S"
"DdLGNQdICUE","PM Modi will inaugurate Golden Jubilee Year Celebrations of ICSI","2017-10-04T14:12:03.000Z","NewspointTV","PT1H27M34S"
"O5lMv0YwBBI","Who Will Be Next Andhra Pradesh BJP President? || Off The Record || NTV","2017-10-04T14:11:59.000Z","NTV Telugu","PT3M47S"
"cfLfOy4z2Ww","Raju Gari Gadhi 2 Press Meet Full Video | Akkineni Nagarjuna | V6 News","2017-10-04T14:07:44.000Z","V6 News Telugu","PT44M13S"
"9QSbrHa53H0","TRS MP Suman VS TDP MLA Revanth Reddy || Singareni Elections || Maataku Maata || NTV","2017-10-04T13:12:58.000Z","NTV Telugu","PT1M34S"
"Gim8hjXu18c","All Arrangements Set For Singareni Election Polling 2017 | V6 News","2017-10-04T13:09:39.000Z","V6 News Telugu","PT3M16S"
"LWwWGRpKOn4","News TUKOY NA ANG NASA LIKOD NG PANANABOTAHE S MGA BANK RECORDS NI PRES  DUTERTE PANO OCT 4 2017","2017-10-04T12:57:16.000Z","PILIPINAS KONG MAHAL","PT10M19S"
"ZzqqaEt1244","News SEN GRACE POE NAPAHANGA SA TAPANG AT TALINO NI RJ NIETO OCT 4 2017","2017-10-04T12:57:13.000Z","PILIPINAS KONG MAHAL","PT20M57S"
"U_QciTxAcco","Rahul Gandhi Latest Speech in Amethi, Uttar Pradesh | 4 Oct 2017","2017-10-04T12:48:29.000Z","News & Views","PT13M42S"
"0zGqx8qa8s4","Abagusii Leaders: Our people are back to NASA after getting handout from State House","2017-10-04T12:37:53.000Z","KTN News Kenya","PT5M8S"
"evtGo13kxhY","Ragpickers Are The Real Karamchari Of Swachhta, Respect Them: Amitabh Bachchan","2017-10-04T12:21:58.000Z","NDTV","PT9M14S"
"uTz3W5L0aQY","Jobless doctors: Over 700 doctors to be deployed","2017-10-04T12:11:23.000Z","KTN News Kenya","PT4M"
"lVuzkrEcl-0","IEBC DEMOS LIVE , NAIROBI","2017-10-04T12:07:03.000Z","Kenya News Alert TV","PT27M55S"
"fpoWjmYGGpc","KNUN official, Halima Adan on Nurses' strike","2017-10-04T12:05:50.000Z","KTN News Kenya","PT6M6S"
"Ef-MJD6rNro","WHEN BABU OWINO MEETS UHURU KENYATTA","2017-10-04T11:59:30.000Z","News Tv","PT52S"
"V1KjmUxiwaY","NASA PRESS CONFERENCE: The Police should apologise |FlipTv","2017-10-04T11:41:00.000Z","Flip Tv Kenya","PT9M11S"
"qUuyF81rGvY","Raila Odinga, ""Some Jubilee leaders should be hospitalised at Mathare Mental Health Hospital""","2017-10-04T11:40:31.000Z","KTN News Kenya","PT1M9S"
"j5JPdxzS4hg","3ABN Russia - 25th Anniversary Special - Friday, Oct 6","2017-10-04T10:50:35.000Z","Three Angels Broadcasting Network (3ABN)","PT1M1S"
"7kzql5_N1Vc","Nieto refuses to apologize to De Lima, 'happy' she's detained","2017-10-04T10:32:06.000Z","Rappler","PT1M55S"
"sG8ASeOj3fM","President Duterte holds a media briefing in Malacaang. Full","2017-10-04T09:29:21.000Z","Dpatrol26","PT31M55S"
"ewNWJrnV-AM","CM Yogi at Jan Raksha Yatra: There is no place for violence in a democracy","2017-10-04T09:26:24.000Z","Zee News","PT4M42S"
"VjUxJfFrLuE","My hero/Find you","2017-10-04T09:05:02.000Z","meru yoshisue","PT1M52S"
"BUG_soKpnTA","SENATE HEARING ON FAKE NEWS | THINKING PINOY AT LACIERDA NAGKASAGUTAN","2017-10-04T09:04:24.000Z","Duterte Latest Videos Official","PT13M19S"
"dkdduLTYA_Y","Trillanes Vs Mocha nagkaharap at nagkasagutan sa senate hearing.","2017-10-04T08:24:42.000Z","Dpatrol26","PT8M27S"
"OoHGGnG4MdU","""I Cannot be forced to Apologise."" states Babu Owino","2017-10-04T08:20:05.000Z","Hot 96 FM Kenya","PT8M35S"
"mf9ZbIVGFKc","Speakers' retreat beginning today in Mombasa","2017-10-04T07:55:09.000Z","KTN News Kenya","PT3M31S"
"VdCBfl2r3gc","Himachal Pradesh    Modi,  AIIMS  ","2017-10-04T07:38:47.000Z","NMF News","PT48S"
"luXdvErpyAY","Punjab Police   Honeypreet  ","2017-10-04T07:24:44.000Z","Punjabi Tube","PT49S"
"wwlBkPJtj-A","Opinion2017: Mungiki, UoN vs Police with SC Otiende Amollo |FlipTv","2017-10-04T07:20:19.000Z","Flip Tv Kenya","PT50M3S"
"Ogc8oI_rl3s","Nagarjuna Reveals Reasons For Accepting Raju Gari Gadhi 2 | Nagarjuna Latest Speech | indiontvnews","2017-10-04T07:11:45.000Z","indiontvnews","PT8M7S"
"-pw5ZvcseY8","UN Invitation For Dera Chief And Honeypreet","2017-10-04T07:05:54.000Z","India Today","PT7M36S"
"7K5fP8z-TgA","SCCL Trade Union Elections Hungama | All Parties Focus on Singareni Elections 2017 | Studio N","2017-10-04T05:43:07.000Z","Studio N News","PT3M56S"
"DeE7IEfBfMA","Diamond Platnumz akashifiwa na Idris Sultan baada ya Hamisa Mobetto amtolea Ujeuri","2017-10-04T05:11:40.000Z","AJAABU TV","PT4M33S"
"PZhzaWGv6bA","MGA DILAWAN KINAKABAHAN NA KAY DOJ SEC AGUIRRE MGA BANK ACCOUNTS NG MGA LP INIIMBESTIGAHAN NA","2017-10-04T04:54:10.000Z","DU30 News","PT14M40S"
"kLxpZ5G3Rvs","Narendra Modi Ji at ICSI Golden Jubilee || PM at ICSI Golden Jubilee at Vigyan Bhawan, New Delhi","2017-10-04T03:19:27.000Z","Being Maverick","PT56S"
"HrlPA7HvGRY","""Stephen's arrived""   ""Hi""   Vegas mass shooter at anti Trump protests in Nevada,","2017-10-04T03:04:53.000Z","eternalblackproject","PT3M26S"
"jsCetrCOd0M","GOV SONKO AMAZING RESCUE SHOCKS KENYA","2017-10-04T02:50:28.000Z","KDRTV News Kenya","PT9M45S"
"gyunTxoHYk0","KENYA NEWS ALERT: STATEHOUSE WANTS THIS SONG BANNED WATCH...","2017-10-04T02:48:24.000Z","KDRTV News Kenya","PT5M48S"
"sV7sCjaZ9hw","WEALTHYLIVES END TIMES SIGNS UPDATES 2017","2017-10-03T23:13:36.000Z","Wealthylives End Times Signs Updates","PT47M3S"
"xP8uzGt5AS8","Victims Identified in Las Vegas Shooting","2017-10-03T22:32:01.000Z","WSB-TV","PT2M11S"
"atqd7vHEL1I","Schwarzenegger, Lawmakers Rally at SCOTUS to End Gerrymandering","2017-10-03T20:55:03.000Z","Roll Call","PT2M54S"
"sVCHvWs8aD4","Zimbabwe reporter held over 'Grace Mugabe underwear' story.","2017-10-03T20:35:13.000Z","MediMatic News","PT2M11S"
"7sHFMRS-ero","Ruto says Jubilee happy with poll preparations","2017-10-03T19:07:57.000Z","Kenya CitizenTV","PT2M24S"
"GcDTk8Eun0M","ESAT Daily News DC Tue 03 October 2017","2017-10-03T19:00:57.000Z","ESATtv Ethiopia","PT13M28S"
"aEfSkXfS65c","Kenya prisons star Immaculate Chemutai joins volleyball team Malkia Strikers in preps for games","2017-10-03T18:55:28.000Z","KTN News Kenya","PT2M54S"
"jsFkTXW2GB4","IEBC should engage Parliament on amendments - DP Ruto","2017-10-03T18:36:13.000Z","Kenya NTV","PT4M15S"
"ereZ6FTAjCA","NASA and Jubilee's meet with IEBC hit a stalemate as principals disagree","2017-10-03T18:06:24.000Z","KTN News Kenya","PT4M"
"0Xr4F2_OD9g","DNA: Analysis of America's politics on gun culture","2017-10-03T17:25:30.000Z","Zee News","PT8M32S"
"PXz53mSjk-4","Ruto says Jubilee happy with poll plans, NASA digs in","2017-10-03T16:15:05.000Z","Capital FM Kenya","PT3M20S"
"Oaj-ylx1pKA","UON students leaders insist the VC must resign","2017-10-03T15:59:07.000Z","sports and lifestyle channel.","PT2M9S"
"31pXqk_4QD8","This is the reason UON students are demonstrating for Mbithi to resign","2017-10-03T15:56:32.000Z","sports and lifestyle channel.","PT46S"
"eV7xxhNMtqI","TRS MP Kavitha Promised Dependent Jobs to Singareni Collieries | Studio N","2017-10-03T15:33:17.000Z","Studio N News","PT1M18S"
"8VYt9hl6ywY","DP Ruto expresses his confidence in the forthcoming fresh presidential polls","2017-10-03T14:55:47.000Z","KTN News Kenya","PT35S"
"teJFxPeWPVg","FLAT EARTH - LIGHT SOURCE OF THE MOON IS FINALLY SOLVED! AND THE MOON IS FLAT","2017-10-03T14:45:47.000Z","World History Official","PT11M18S"
"IkV-O3bWJjI","Europe facing WORST CRISIS since Brexit: Catalonia will PLUNGE Spain into MASS UNCERTAINTY","2017-10-03T14:43:00.000Z","NEW WORLD 360","PT3M56S"
"ZKrjq1WSqBo","          -         ","2017-10-03T14:23:24.000Z","Narendra Modi","PT3M29S"
"jmc7aUVKCMA","Elon Musk: ""We're Going to Mars by 2024""","2017-10-03T14:17:12.000Z","ColdFusion","PT8M16S"
"OXcM1d7O5KA","President Uhuru and Narok leaders at State House: ""TANO TENA UHURU KENYATTA""","2017-10-03T13:48:17.000Z","William Ruto TV","PT1M49S"
"7TJOjAKL7Qs","Don't fall for the antifa trap","2017-10-03T13:35:43.000Z","Vox","PT7M31S"
"HUxBRoON1DU","TRUTH WILL SAVE THE WORLD: Russia Cannot Lose Information Warfare Against America","2017-10-03T13:18:24.000Z","Russia Insider","PT5M19S"
"vgNVyP7FsJI","Trump Speech about the Las Vegas Mass Shootout in the Mandalay Bay | Latest Donald Trump Speech","2017-10-03T13:15:46.000Z","SHARADA NETWORK","PT4M44S"
"KSZU-cYNu98","Prez Akufo-Addo's tour of Upper West Region:Commisions Water Project at Wa","2017-10-03T12:53:42.000Z","Nimde3 News","PT7M42S"
"grSmWhwkAJc","WATCH: President Donald Trump Visit Puerto Rico with Air Force One AMAZING TAKEOFF 10/3/17","2017-10-03T12:44:36.000Z","PRESIDENT DONALD TRUMP NEWS & LIVE SPEECH 2017","PT5M45S"
"NjOXKM52tsc","NASA leaders: None of our demands have been met","2017-10-03T12:23:55.000Z","KTN News Kenya","PT3M50S"
"iMzMOSw7nNA","Hindupur MLA Balakrishna SLAPS His Fan | NBK Rude Behaviour with his Fans | Beats | Newsdeccan","2017-10-03T12:16:04.000Z","distodaynews","PT1M9S"
"QS86_4uF7hs","Totally Inhuman!!!Police tear gas students while sleeping","2017-10-03T11:21:42.000Z","Footy Daily","PT3M33S"
"Mh5DR-LaaYc","'We Do THis For Your Sorry Ass' ,Sauti Sol Tells King Kaka","2017-10-03T09:59:22.000Z","Mpasho Live","PT5M43S"
"SdTsgqHb1is","Mkutano wa Rais Uhuru na viongozi wote eneo la Mlima Kenya kumfanyia kampeni tarehe 21 mwezi jana","2017-10-03T09:53:22.000Z","KTN News Kenya","PT3M56S"
"Hwukudz3ps0","Honeypreet Insan In Custody of Haryana Police | Latest Updates | hmtv","2017-10-03T09:44:24.000Z","hmtv News","PT4M21S"
"hZNHTLeLhas","Hyderabad Cyber Crime SP Warning To Abusive Websites | MAA Silver Jubilee Press Meet | indiontvnews","2017-10-03T09:16:25.000Z","indiontvnews","PT4M42S"
"D7DrBrf1BLk","Theresa May just did a funny voice during a live radio interview and it might be her most human...","2017-10-03T09:14:47.000Z","theverge","PT1M34S"
"A6m-HTCg068","Aamir Khan Done For his Movie Not So Vijay | Mersal | Adirindi Teaser official | Adirindi Songs","2017-10-03T07:31:34.000Z","Tamil Mithran","PT1M37S"
"TtYYLjcX2jc","Caroline Mutoko: Gina Din Kariuki - @20 - Part 1","2017-10-03T07:06:30.000Z","Caroline Mutoko","PT12M42S"
"OxS5G3p-tqE","Singareni Elections 2017 Campaign Reaches Final Stage | Studio N","2017-10-03T06:53:07.000Z","Studio N News","PT3M16S"
"wK0jsPobFm4","BT: PNP Chief Dela Rosa, tinawag na ""ingrato"" ang ilang kritiko ng kampanya vs. droga ng gobyerno","2017-10-03T05:29:42.000Z","GMA News","PT2M38S"
"IwJYzWTBzg0","How Is The President Elected In Russia?","2017-10-03T03:51:39.000Z","Tip Tip 1","PT46S"
"TSwY_KeOFDw","16  Fight Song   Maiana","2017-10-03T03:22:53.000Z","GreenmeadowsSchool","PT3M37S"
"OsBNmuEevxE","Rajinikanth Speech At Sivaji Ganesan Statue Inauguration Event | Teenmaar News | V6 News","2017-10-03T02:24:17.000Z","V6 News Telugu","PT1M41S"
"_T81hfs-KCw","President Donald Trump Joint Press Conference with Juan Manuel Santos of Colombia 5/18/2017","2017-10-03T01:33:40.000Z","Katharine A. Reedy","PT29M42S"
"X5kSScaavMo","IS THIS WHY JUBILEE KILLED CHRIS MSANDO, THE IEBC MANAGER TO SUCCEED IN ITS RIGGING MACHINE?","2017-10-03T01:04:50.000Z","Joseph Lister Nyaringo","PT3M39S"
"30M-6x71zdY","Episode #82 jeranism Monday Night Raw Aired July 10, 2017","2017-10-03T00:09:37.000Z","jeranismRAW","PT1H44M7S"
"OB-uRFd7n8k","Las Vegas Shooter At Anti-Trump Rally?","2017-10-02T23:45:45.000Z","traveling cuppy","PT2M49S"
"h5fJqB82VRc","Congresswoman Gabrielle Giffords Makes Statement On Gun Control After Las Vegas Shooting","2017-10-02T22:59:12.000Z","wwwMOXNEWScom","PT18M58S"
"IT7OLY06L5A","Philip DeFranco |  Getting Sued For $10 Million Over Youtube Videos... THIS IS PURE INSANITY!","2017-10-02T22:26:48.000Z","Philip DeFranco","PT13M5S"
"9Ohj0WYL878","TESLA CEO Elon Musk Interview for the future 2","2017-10-02T22:13:14.000Z","Priscilla Latrina","PT1H24S"
"E7Qn3moK-64","Will a gas engine run on 100% octane booster?  Let's find out!","2017-10-02T21:43:07.000Z","Project Farm","PT6M17S"
"CaOdr0Iw2UI","How NAFTA Will Implement Agenda 21/2030","2017-10-02T21:17:19.000Z","TheJohnBirchSociety","PT5M10S"
"hQ-OceQu93A","Wetangula's speech that has been banned from being broadcasted(Watch to the stop)","2017-10-02T19:33:41.000Z","Vcjeim Giqmela","PT3M46S"
"q00xM03RN1I","David Icke 2017 | David Icke Interview 2016    Donald Trump Truth   Illuminati   Anonymous   9 11 &","2017-10-02T19:33:15.000Z","Lucy Stanley","PT2H42M49S"
"ykUF8rKUmy8","KPA beat Tanzania's ABC 81-77 in Zone Five basketball","2017-10-02T19:21:28.000Z","Kenya NTV","PT1M56S"
"FLSfwMkLKJo","Planet X Nibiru Update October 3, 2017 IS RISING NOW, SOME FINAL SIGNS","2017-10-02T19:00:02.000Z","NaNa Channel","PT14M48S"
"hqwdq8gqPSs","CM Chandrababu Naidu FIDAA Over Student Speech | Interacts Students | Shocking Comments | Newsdeccan","2017-10-02T18:37:36.000Z","distodaynews","PT1M43S"
"5hYriMHZg5Q","NASA DEMOS IN BUSIA","2017-10-02T17:59:59.000Z","ONLINE COMMUNITY","PT3M48S"
"cquIroyiXPE","Nicholas Ruto vls Muhoho kenyatta","2017-10-02T17:18:20.000Z","Wananchi T.v","PT1M5S"
"tnM1LDK4Q2M","Nasa and Jubilee supporters clash in Embu town","2017-10-02T16:37:24.000Z","DailyNation","PT4M31S"
"o1dA9sTsAOg","Matiangi wont lose sleep over UoN police action absent full picture","2017-10-02T15:51:59.000Z","Capital FM Kenya","PT38S"
"tocnH_nZxeY","Muhoho Kenyatta Challenge most watched 1 million Views.","2017-10-02T15:29:20.000Z","Afro News","PT31S"
"nmCzlbAClKU","Aktivreise Bali 2017","2017-10-02T15:26:46.000Z","patideg","PT3M59S"
"83aAWY2IFQM","U.S.A WARNS NASA &JUBILEE 'WE WILL ARE GOING TO TAKE MEASURES'","2017-10-02T15:03:49.000Z","KENYA TRENDS","PT5M16S"
"xFmS6Yk9pRU","Hiber Special News -  Las Vegas | October 2, 2017","2017-10-02T14:29:24.000Z","tenaadam","PT14M19S"
"cZekG9sbZ_w","This hill in Kenya defies gravity","2017-10-02T14:20:23.000Z","Nathaniel Muthomi","PT5M27S"
"pEH2OxVSR3U","Business Today 2nd October 2017 - Top trending searches on Google Kenya","2017-10-02T14:05:39.000Z","KTN News Kenya","PT1M50S"
"j97b38m68RA","Business Today 2nd October 2017 - Free Speech Advocacy in Kenya","2017-10-02T14:02:50.000Z","KTN News Kenya","PT2M29S"
"c44AMBaqJkA","KENYATTA'S SMILE THAT WILL MAKE NASA WOMEN VOTE HIM BACK","2017-10-02T14:02:17.000Z","KENYA LATEST NEWS 2017","PT12M30S"
"tFvIdPJpvtw","Matsanga's Take: Debacle of The Fresh Kenyan Presidential elections","2017-10-02T13:49:38.000Z","Punchline Africa TV LIVE STREAM","PT1H1M17S"
"M1q3l3zRN_Q","Kenyan before repeat election demonstration in Kisumu","2017-10-02T13:43:42.000Z","Nathaniel Muthomi","PT14M4S"
"jXsgff7hxO4","Video on nutrition for Dr. Aggrey Primary School Nairobi Kenya","2017-10-02T13:24:13.000Z","Nathaniel Muthomi","PT30S"
"a5LAyWDEVgM","MOMBASA ANTI IEBC DEMO ROCKS THE TOWN","2017-10-02T13:17:43.000Z","KENYA LATEST NEWS 2017","PT15M"
"zUNoOl7ZhRI","Ombudsman has no authority over Duterte  Koko Pimentel","2017-10-02T13:01:00.000Z","Rappler","PT46S"
"7sGDtT5d4ds","PM Modi Gives Swachh Bharath Mission Success Credit To 125 Crore Indians | Studio N","2017-10-02T12:54:56.000Z","Studio N News","PT2M2S"
"x47vFGsqdEY","Movie Artist Association Serious Warning To Websites | MAA Press Meet | TV5News","2017-10-02T12:49:32.000Z","TV5 News","PT27M56S"
"WRpcjRd3tQo","Elon Musk's 2017 SpaceX Update For Mars | Answers With Joe","2017-10-02T12:30:00.000Z","Joe Scott","PT9M46S"
"T4EU7t3oQ6o","Pres. Duterte, nabiktima ng pekeng impormasyon ayon kay Sen. Trillanes","2017-10-02T12:17:46.000Z","GMA News","PT2M30S"
"2X4bCCuf060","Suman Comments On Producers|Artist Payments|  |CinemaPolitics","2017-10-02T10:44:05.000Z","Cinema Politics","PT3M31S"
"Xb8v8A-iY7s","Member of Parliament escape on foot as Police disperse protesters","2017-10-02T10:18:29.000Z","KTN News Kenya","PT3M59S"
"QgEPjPU-Rk4","Prakash Raj: PM Modi is a bigger actor than me","2017-10-02T10:12:47.000Z","NYOOOZ TV","PT1M"
"XVZmDlmMuSQ","Akbaruddin Owaisi Angry Speech To All INDIAN'S Corporate's_SUBSCRIBE to your CHANNEL","2017-10-02T10:05:08.000Z","A.I.M.I.M.{is Great's100%}","PT6M54S"
"QZJNDwG3qho","CS MATIANG'I SPEAKS ON POLICE BRUTALITY TO UNIVERSITY STUDENTS","2017-10-02T10:03:19.000Z","KENYA TRENDS","PT3M30S"
"J4yY-vECN9A","PM Modi at 3rd Anniversary of Swachh Bharat Mission","2017-10-02T09:45:58.000Z","PMO India","PT1H22M28S"
"zDid8m4a0Hw","RAILA ODINGA STORMS MBALE VIHIGA COUNTY LIKE A KING TODAY 93017","2017-10-02T09:44:58.000Z","Trending News Kenya","PT10M56S"
"fMaPXb1hkw8","Evolution of Everything - Space Documentary  HD","2017-10-02T09:44:03.000Z","The All-Seeing Eye","PT1H33M21S"
"HEE7nDusou0","Raila's speech that has made Matiangi sleepless","2017-10-02T09:34:41.000Z","Vcjeim Giqmela","PT1M29S"
"eJyo3_KZnws","Breaking News | Nairobi business community vows to counter nasa protests","2017-10-02T08:53:35.000Z","Breaking News 24/7","PT1M49S"
"tz3BhFUNH7A","MAA Silver Jubilee Pressmeet Full Video | Murali Mohan, Suman, Sivaji Raja","2017-10-02T08:52:45.000Z","Silly Monks Tollywood","PT40M43S"
"lOX7rTN1s_M","Murali Mohan Comments on Media Behavior|   |Cinema Politics","2017-10-02T08:31:03.000Z","Cinema Politics","PT4M14S"
"zmkou25V76I","  50      | Ajith Show Mass In Stunt Union Function |","2017-10-02T08:30:00.000Z","Cinema News Updates","PT3M37S"
"CssI1CA2ZQU","PM Modi latest Speech at 3rd anniversary of Swachh Bharat Mission on 2 Oct 2017|#SwachchBharat","2017-10-02T08:26:02.000Z","Narendra Modi","PT30M33S"
"Ax58_ENeJJA","As country's youth, we are with PM Modi in his mission: Swachhta awardees tell DD News","2017-10-02T08:21:04.000Z","DD News","PT1M17S"
"M0dss1UadmI","Nasa appeals for economic useful resource from supporters.#BuyTickettocanaan","2017-10-02T08:17:57.000Z","Vcjeim Giqmela","PT6M12S"
"_i0A7t7lHro","Police in Kisumu retreat to Kondele Station after running out of teargas |FlipTv","2017-10-02T08:15:29.000Z","Flip Tv Kenya","PT39S"
"LTvzYFN4WW0","Paruchuri Gopala Krishna on Youtube Channels|    |Cinema Politics","2017-10-02T07:52:58.000Z","Cinema Politics","PT3M40S"
"ljI2-dc6YRc","Narendra Modi  Delhi    !     - Pm Modi Latest Speech","2017-10-02T07:32:11.000Z","News Trend 24","PT15M17S"
"tDQcZKYAz5w","Shock as Isaac ruto ditches Nasa for Jubilee","2017-10-02T07:10:33.000Z","Vcjeim Giqmela","PT5S"
"JcO7CUBTVng","Kikuyu Elders perform WITCHCRAFT to CURSE Babu Owino | KenyanBytes","2017-10-02T06:51:53.000Z","KenyanBytes","PT1M50S"
"uOuCzV31r4w","DEHRADUN KI TARA ll Latest Garhwali DJ Song ll GEETARAM KANSWAL ll Hardik Films","2017-10-02T06:14:29.000Z","Hardik Films Entertainment Pvt Ltd","PT4M25S"
"vjX7olEYfC8","VISHAL EMOTIONAL SPEECH || PRESS MEET || VALGAN TV","2017-10-02T06:04:20.000Z","Valgan Television","PT15M55S"
"TrmNyeLmSBY","Vijaysethupathi recent speech","2017-10-02T06:01:34.000Z","tn55 entertainment","PT3M7S"
"vb2rberwj90","BABU OWINO FUNNY MOMENTS,MADNESS, HILLARIOUS QUOTES","2017-10-02T05:38:10.000Z","SIR. ACCURATE","PT6M56S"
"6hWgdq7znSA","Raila smashes Uhuru in Narok town  and refers to him as Rais bandia","2017-10-02T04:28:43.000Z","Vcjeim Giqmela","PT1M53S"
"C1jUYUF6HM4","The National for Sunday October 1, 2017","2017-10-02T02:07:16.000Z","The National","PT1H5M2S"
"5MFiJKSjXFY","WHAT NASA PROMISED MUMIAS RESIDENTS THATADE THEM TO HATE JUBILEE FOR GOOD.","2017-10-02T00:12:58.000Z","KENYA LATEST NEWS 2017","PT45M15S"
"QvBSRPpF0sk","Rt Hon. Raila Odinga got a gift from Lughya nation as a symbol of welcome","2017-10-01T22:04:49.000Z","Charles Stureh","PT1M18S"
"GIG0M7v1-DQ","MOMBASA NASA YOUTH CONFRONTS JUBILEE ROAD SHOW","2017-10-01T21:17:38.000Z","Kenya News Alert TV","PT1M22S"
"-T9RWBoJBrc","UHURU KENYATTA in Kakamega Mocks  Raila Odinga |","2017-10-01T20:53:19.000Z","Mofuss creator","PT2M29S"
"jFG2EscHZBs","BJP MP Hari babu Satires On TDP MP JC Diwakar Reddy | Vice President Venkaiah Naidu | Newsdeccan","2017-10-01T20:46:05.000Z","distodaynews","PT1M15S"
"N2u-voRBt60","Kiririmbi | Mogaruruku Watho-ini wa Githurano #Kiririmbi [part 2]","2017-10-01T18:30:48.000Z","iNooro TV","PT28M2S"
"0RjwsFfrLvY","Kaunti ya Nairobi yaondoa baadhi ya ushuru","2017-10-01T17:00:11.000Z","Kenya CitizenTV","PT1M52S"
"S668TxXPhmI","Nditimurano: Uteti gatagati ka NASA na Jubilee kunyita thing'a Prt 2","2017-10-01T16:58:23.000Z","Kameme Tv Old","PT29M53S"
"uYS0mebFElQ","100 Percent Proof Of Life On Mars   An Alien Is Found In NASA Image","2017-10-01T16:03:22.000Z","Ufo Sightings Footage","PT14M48S"
"C367pGTv6LY","   | 01/10/2017","2017-10-01T16:00:01.000Z","DD News","PT24M25S"
"Slg5R9VHcFw","Orfanato de elefantes - David Sheldrick Wildlife Trust


 - Nairobi","2017-10-01T13:00:02.000Z","Moni Lima","PT47S"
"6m3MKNTFzKw","Weekend at One: Unhealthy strike as the nurses' strike persists for more than 3 months","2017-10-01T12:11:33.000Z","KTN News Kenya","PT9M"
"EKJ0PXnHZ1s","Big Mouth Unveils VAGINA CROP CIRCLE","2017-10-01T11:04:33.000Z","Victoria News","PT1M28S"
"MjcPjpct-tY","PM Modi Greets President Kovind on His 72nd Birthday","2017-10-01T10:20:58.000Z","ETV Telangana","PT56S"
"lMs0l6ypdZU","Live Now!  Installation of New Officers and Induction of New Members of the IBP Davao City Chapter","2017-10-01T09:40:49.000Z","WatchMe","PT5H39M25S"
"N6DhTYodxIM","Rajinikanth Speech At Sivaji Ganesan Statue Inauguration Event | V6 News","2017-10-01T09:27:15.000Z","V6 News Telugu","PT2M17S"
"Dd8xrnWdlBg","NASA principals attending a church service at ACK Mumias","2017-10-01T09:09:54.000Z","Charles Stureh","PT17M23S"
"bct0WlrHDGw","Siva Balaji's Snehamera Jeevitham Teaser | Rajiv Kanakala | Latest Telugu Movie Trailers 2017","2017-10-01T09:06:47.000Z","Telugu Filmnagar","PT1M3S"
"7KAw4kPtPQU","FRED GUMO CALLS RAILA ODINGA INFERTILE","2017-10-01T08:48:13.000Z","Kenya News","PT2M28S"
"n0KmjhvPZOY","Heavy Rains In Chennai - Full Report","2017-10-01T07:44:31.000Z","Republic World","PT3M25S"
"lO1EFSZwshs","THE DAY SUPREME COURT MADE HISTORY ||NULLIFY OF PRESIDENTIAL ELECTION ||CJ MARAGA MADE KENYA.","2017-10-01T07:42:58.000Z","News Tv","PT1M6S"
"Rak59yd4ha8","Superstar Rajinikanth's latest speech at sivaji manimandapam opening function","2017-10-01T06:59:35.000Z","SA television","PT6M9S"
"gPyhr5cetGA","PM Modi latest Speech at Dussehra/Dushara Celebration at Lal Qila,New Delhi","2017-10-01T05:06:53.000Z","Narendra Modi","PT5M16S"
"UkDkEcJeH9s","Actor vivek shared by thala ajith history || sun TV  golden jubilee stunt union event","2017-10-01T05:04:11.000Z","Thean Ada","PT28S"
"x6mQRMwzzuM","THE MOON LIVESTREAM! (9/30/17) Part 1","2017-10-01T04:43:50.000Z","P&K SpaceImaging","PT3H40M14S"
"IYJ70y_T-pw","Mugabe Challenge - walk compilation","2017-10-01T03:13:38.000Z","Luise Spot","PT41S"
"PudGBFIck0Y","Odinga's speech that is making Jubilee sleepless","2017-10-01T02:27:34.000Z","Vcjeim Giqmela","PT2M39S"
"FmGpFRMv8b4","RAILA STORMS THROUGH VIHIGA ENSURING RESIDENCE NO ELECTIONS WITH EZRA CHILOBA","2017-10-01T00:52:33.000Z","KDRTV News Kenya","PT11M"
"k7xptYJSFl4","Raila's FULL Speech in Vihiga County","2017-09-30T21:09:49.000Z","African Post Tv","PT52M49S"
"Y6MxcDH9GlA","Daughters of Raila arrested after Campaigning Near Uhuru","2017-09-30T19:28:40.000Z","African Post Tv","PT1M18S"
"roCcGCbVxPI","Raila's excellent security which you have by no means visible earlier than","2017-09-30T18:56:41.000Z","Vcjeim Giqmela","PT2M27S"
"KCPqnMUr-Zw","CSKA Moscow vs Manchester United 1-4 All Goals and Highlights UCL 27/09/2017","2017-09-27T21:02:15.000Z","Sport HD TV","PT10M12S"
"Jjo-xb_1zqs","KinGeek's Dash Mining Farm Project #1","2017-09-19T06:41:01.000Z","TheKinGeeK","PT9M16S"
"sGXRVNJght8","How Long will a Wood Cylinder Head Last?  Let's find out!","2017-09-11T21:21:33.000Z","Project Farm","PT9M25S"
"-Hty7dPw344","King Kaka: Sauti Sol are selfish","2017-09-08T15:13:51.000Z","Kenya CitizenTV","PT7M46S"
"Ruf2XWYFCCw","Ababu Namwamba welcomes Deputy President to Kakamega County","2017-06-11T02:33:58.000Z","Labour Party","PT7M26S"
"NwIjLECJmA8","Will Dirt Destroy an Engine?  See what it does to this Engine!","2017-05-29T23:38:03.000Z","Project Farm","PT12M26S"
"P6kOLR6gV4U","Senator Mike Sonko address on Labour Day 2017{#MikeSonkoTV}","2017-05-01T15:53:18.000Z","Mike Sonko TV","PT9M13S"
"sKjDDXBxqg0","Uhuru Cancels Meru Campaign Tour. Ouch!!","2017-03-28T13:54:02.000Z","Kumekucha Chris","PT3M54S"
"O8GaKrKM3jo","The Roundtable: EP 2- With Edwin Sifuna, Karen Nyamu, Boniface Mwangi and Benedict Wachira [Part 2]","2017-03-21T20:50:45.000Z","KTN News Kenya","PT23M51S"
"agAWXnT4-EQ","Seafoam--can't believe what it did to my engine!!","2017-03-12T01:02:15.000Z","Project Farm","PT10M12S"
"-2sYAwGOikA","Man proposes to his girlfriend on Valentine's Day on top of KICC","2017-02-14T16:16:01.000Z","DailyNation","PT4M36S"
"-FfvhJZjd0M","Dp Ruto's speech at the Jubilee party membership card launch","2017-01-13T13:56:52.000Z","Kenya NTV","PT24M47S"
"-RGnmLPzOaM","In 2016 I flourished in music, and in relationships - Lady Jaydee","2016-12-23T21:16:17.000Z","Kenya CitizenTV","PT13M51S"
"KsZIYY0jiZE","Dick Smith slams Waleed Aly - ""Absolute Rubbish"" - The Project | #theprojecttv #dicksmith #WaleedAly","2016-12-10T07:46:03.000Z","News Bite Global","PT4M10S"
"-X32ER_u5y4","#SystemYaMajambazi: The state of corruption in Kenya","2016-10-28T10:15:40.000Z","Kenya NTV","PT17M48S"
"9Im_8sI0QFQ","Scythe Project in India 2016","2016-06-08T16:39:17.000Z","ZlataKosa","PT9M56S"
"-fBT4RhjkMk","Current situation in Nairobi town during the anti IEBC Protest","2016-05-16T15:31:15.000Z","Sarah Kageha","PT1M44S"
"-hdJTFvcsbI","Meru County MP Hon. Florence Kajuju champions for Miraa","2016-03-17T16:50:27.000Z","Kevin Wachira","PT3M6S"
"-RK3ZBtJ_MY","Bahati Going Back To School...Also Preparing His Kids For Education","2015-10-19T11:20:34.000Z","Ghafla Kenya","PT4M19S"
"MrmgLqeZfJ0","Male beauticians on the move in Kenya","2015-08-03T10:52:45.000Z","AP Archive","PT4M37S"
"WBlgnUKAvpQ","Joyce Peterson: I lost my husband and daughter in a fire tragedy but God has been faithful part2","2015-06-14T12:40:26.000Z","KTN News Kenya","PT11M34S"
"T-L5J72e1SU","Kenyatta Skips Kindiki Function In Meru Tour","2015-02-28T18:29:16.000Z","Kenya CitizenTV","PT2M36S"
"-J0090hNkbo","Kilimo Biashara : Best Practices of Growing Hydroponic Plants","2014-11-08T18:41:37.000Z","K24TV","PT23M53S"
"-N38bnm8Z9U","Business Foresight episode 2: Ndindi Nyoro","2014-10-03T13:15:11.000Z","W TV Kenya","PT26M42S"
"3ZrkTfv3K7c","Why Gikomba Customer Items Are Never Wrapped","2014-05-20T18:49:04.000Z","K24TV","PT4M1S"
"qo3acaRxgBU","Shaheen Enterprise Solar Project Haji Kazim Khan Agriculture Farm Bella Orki (Balochistan)","2011-12-31T15:09:34.000Z","Alam Rahil","PT18M53S"
"N84rTX1tz8s","World Bank: eRwanda project (short version)","2011-06-16T21:00:38.000Z","World Bank","PT5M33S"
"-0T7-GvmSyE","Ngatia Attacks Kenya Military Generals","2008-12-26T22:54:58.000Z","makozewe","PT9M45S"
