video_id,title,published_at,channel_title,duration
isUKPl7hwKc,NASA EXPOSES IEBC BALLOT PAPERS SCANDAL-UHURU KENYATTA FAMILY LINKS WITH DUBAI FIRM,2017-06-16T06:07:10.000Z,Raila Odinga vs Uhuru Kenyatta 2017,PT9M48S
Z3rF2LmMoLM,KENYA PASTORS Receive 'WORLD VISION DAY' Impartation with WVD Visionaries( New York & South Africa),2017-10-05T18:24:26.000Z,HarvestArmy,PT1M1S
orkWTZwJITw,Caroline Mutoko: The Price Of Shame - Mohamed Ali,2016-05-25T13:57:24.000Z,Caroline Mutoko,PT4M22S
ytC1SYSN3AM,"I lost 15 elections because of my looks, says Deputy Speaker Moses Cheboi",2017-09-18T12:59:00.000Z,Capital FM Kenya,PT2M9S
C3NBxHcmgzU,Esther Passaris: I caught my husband with a mpango wa kando,2017-04-28T05:03:23.000Z,KTN News Kenya,PT59S
oGgPdDoSsqw,JARED OKELLO MP NYANDO DELIVERS AN EMOTIONAL SPEECH IN PARLIAMENT.,2017-11-11T22:58:01.000Z,Kenya News Alert TV,PT4M53S
HYKtYXhAkao,Evans Kidero apinga matokeo yanayoonyesha mpinzani wake Mike Sonko akiongoza,2017-08-09T17:05:33.000Z,KTN News Kenya,PT3M4S
FPDespRIN3s,Promod Boro speech on Get Together of Friends of BODOLAND,2017-07-23T15:13:16.000Z,Royal Black,PT11M17S
bMGT1jLxoBE,NASA STRONGLY REJECTS RESULTS!,2017-08-08T23:47:41.000Z,KENYAN TUBE,PT45S
4rm1RcMGDVk,Battle of the 'Hassans' takes center stage at Nasa's Mombasa rally,2017-08-04T19:34:48.000Z,Kenya NTV,PT3M28S
NV8ChuBuNE8,"Raila keeps them guessing on next move, Press Review",2017-11-28T04:51:30.000Z,KTN News Kenya,PT3M4S
QNOxYYbYj8I,IPOA Should expedite investigations on the police killings-NCCK,2017-10-31T11:03:49.000Z,Kenya CitizenTV,PT6M57S
SBr4waNAnSo,Sheldon and Amy's wedding || Leonard's laptop full of bitcoins -The Big Bang Theory  S11 E9,2017-12-01T13:55:27.000Z,Sheikh Musa,PT4M25S
8BPTZy-3TMU,Leaders attending the CAIF in Morocco call for diversity when forming partnerships,2017-11-28T18:58:14.000Z,CGTN Africa,PT10M17S
tD8fFt7JK7Q,NGONG NGENO HITS OUT AT WILLIAM RUTO AGAIN,2017-06-29T13:11:16.000Z,Kenny Ngeno,PT3M21S
Qvxo_4jYvPs,President Uhuru Kenyatta dismisses any calls for talks with NASA flag bearer Raila Odinga,2017-10-16T18:17:21.000Z,KTN News Kenya,PT3M48S
sFYXGS-EYdw,Rachel Shebesh concedes defeat to Esther Passaris,2017-08-09T16:26:52.000Z,Kenya NTV,PT4M48S
yFdA9FsnhyA,What Are The Elements Of The Marketing Plan?,2017-06-24T05:52:30.000Z,SS VideoMark Pro,PT1M1S
BKusNOCK3xg,President Ismal Omar Guelleh arrival at Kasarani Stadium.,2017-11-29T09:13:55.000Z,UhuruKenyattaTV,PT36S
zB43sSAtI-o,CJ David Maraga hands over Certificate to Deputy William Ruto during the inauguration ceremony,2017-11-28T09:51:58.000Z,KTN News Kenya,PT55S
91cAf3r8sQ0,"RTC Bus rams into Canal, 2 missing in Anaparthy | East Godavari District | Studio N",2017-11-20T06:54:41.000Z,Studio N News,PT1M14S
iO4kZqrYZlo,Orengo makes  a mistake by reveling their calculated moves for presidency,2017-11-25T15:55:29.000Z,I NEWS,PT1M31S
HKCZDjNbdKY,Police Raid NASA Sifa Towers Tallying Centre ||KenyanFlip,2017-08-05T08:58:54.000Z,KenyanFlip,PT56S
B-Pww3PeeYQ,"Jubilee leaders call on NASA to concede defeat, Embu supreme court ruling celebrations",2017-11-21T11:18:07.000Z,ONLINE COMMUNITY,PT1M9S
dhkXY1Xsdvw,Snow in jacaranda family club,2017-04-05T20:32:45.000Z,Qabil Nawaz,PT32S
ej1FNa-m0jE,NASA leaders vow to swear in Raila as president this week,2017-11-13T06:11:36.000Z,KTN News Kenya,PT2M49S
5ONm6r7kiD0,Europe from Space in 4K,2017-07-17T15:00:01.000Z,NASA Johnson,PT3M30S
4NLVqiKvMxM,"Christ Gospel Preachers Church and Ministries 
[Created by CCTube-App]",2017-09-10T10:46:40.000Z,Oyebiyi James Opeyemi,PT1H25M9S
SO31fHkT0hg,BREWKING NEWS: 7/14/17 NEW QUESTIONS ABOUT WHEN TRUMP LEARNED OF SON S EMAILS,2017-07-14T13:50:52.000Z,CNN News Day,PT41M42S
6F0suIy0Dhs,"IF YOU DIVIDE PEOPLE, U WILL BE UNABLE TO UNITE THEM AND GOVERN THEM",2017-10-29T04:23:35.000Z,Kenya News Alert TV,PT2M18S
KawcVev2_1c,Elon Musk conference about SpaceX in ISS R&D 2017,2017-07-27T00:35:18.000Z,Tesla Europe,PT1H21M9S
h2L_oGxt7QM,BABU OWINO ON DOOR TO DOOR CAMPAIGN 2017,2017-06-29T07:37:15.000Z,KENYA LATEST NEWS 2017 -RAILONZO RAW VIDEOS,PT1M4S
GtrkP-U1B-E,AISHA JUMWA AMAZING SPEECH IN MALINDI,2017-07-24T19:12:34.000Z,KENYAN LATEST VIDEOS 2017,PT4M1S
thXqYvlPeZ8,Youth turn into peace ambassadors; Heroes of peace,2017-10-20T20:16:35.000Z,KTN News Kenya,PT5M26S
8u8VwWDEfiY,Man causes drama at the Supreme Court over Raila Odinga's petition,2017-08-18T08:26:28.000Z,KTN News Kenya,PT36S
lFM6BC5jmMs,Twerking demystified - The Wicked Edition Episode 35,2017-07-04T19:23:40.000Z,The Wicked Edition,PT21M38S
Gh-juEtVcUw,Two Kenyans file a petition seeking the autonomy of Western Kenya,2017-09-18T20:19:51.000Z,Kenya NTV,PT1M5S
RxLQeN1-p4A,How to unlock your car in 30 seconds ,2016-07-03T18:50:26.000Z,Roman UrsuHack,PT1M45S
zjxBxNZLfqA,Asaduddin Owaisi Hyderabad Tipu Sultan Conference Urdu Maskan Salar e Millat Auditorium 20 Nov 2017,2017-11-20T20:09:28.000Z,Tolichowki Diaries Official Entertainment,PT33M56S
-QcwZmhDDv0,''watch Buzz Aldrin's face'' Trump humiliates himself attempting to talk about science and space,2017-07-02T03:14:41.000Z,Weekdays at morning,PT33S
kZ2v10002mE,DKS On Diamond Jubilee celebrations of JSS Mahavidyapeetha at Suttur Mutt,2017-10-23T06:29:19.000Z,DK Shivakumar,PT14M11S
HbtED3hUk3w,Mtwapa in Kilifi County received NASA brigade madly,2017-07-10T14:34:17.000Z,Arton Khainga,PT37M27S
-4kOpVx4Od0,   | President Kovind In Kolkata | ETV NEWS BANGLA,2017-11-29T06:36:11.000Z,ETV News Bangla,PT1M35S
bNLRGZqpUMk,Standing up for the Nation! #HapoVipiMovement,2017-08-06T20:46:38.000Z,Hapo Vipi Movement,PT15M39S
NGGxaP8wrmc,"MP Kyagulanyi tells Museveni,am ready to die defending my constitution",2017-10-03T23:56:34.000Z,2 of us,PT15M24S
ZvnFKrNIlz8,Philippine DFA Secretary Alan Peter Cayetano - SPEECH AT UN  Sep 23 2017,2017-09-23T17:15:28.000Z,arapi6,PT28M2S
1Mfx8jIgaF4,Gun Found in Maharashtra Registration Vehicle at Tirupati Alipiri Checkpoint || NTV,2017-08-09T11:54:11.000Z,NTV Telugu,PT1M49S
3bNtYqGUXnQ,Kenya's ruling party moves to amend election law ahead of presidential re-run,2017-09-29T09:04:04.000Z,FRANCE 24 English,PT10M50S
rGXUKgIfCeM,Bhavani Puram Main Road-Vijayawada-Latest Position as on 04.09.2017-Amaravati Area-AP-India,2017-09-13T13:50:12.000Z,Nag Ganta,PT3M5S
wgBAo2gQVTc,NASA leader leaves country on Tuesday for the UK,2017-10-08T18:55:47.000Z,Kenya CitizenTV,PT2M33S
a4insVtQfoY,HOW MASIMBA RESIDENTS REACTED TO RAILA ODINGA AS THEY ARE CRYING FOR HIGH COST OF LIVING,2017-08-03T00:57:51.000Z,KENYA LATEST NEWS 2017,PT21M10S
WpCsmGxCG7Y,Musila denies campaigning for Uhuru,2017-06-12T11:16:39.000Z,Kenya CitizenTV,PT3M21S
G9DJgKX5w7g,ARATI & JUNET BOMBSHEL TO MOSES KURIA,2017-09-10T19:25:09.000Z,KENYAN EXPOSED NEWS,PT8M28S
IF0ENNQTNxE,Monday Special : Polls Preparedness [Part 1],2017-08-07T20:04:31.000Z,Kenya CitizenTV,PT34M28S
2TTd0ZVsfsM,Hali ya nchi huku kukisalia siku 30 uchaguzi kufanywa,2017-07-08T16:16:32.000Z,KTN News Kenya,PT2M31S
qzaGXpyNE_Y,Live: Joyce Laboso Manifesto Launch In Bomet County.,2017-07-06T13:21:25.000Z,News Updates,PT36M47S
EbCwzSKKWhM,Kiambu family in shock as dead son returns home,2017-07-03T18:31:33.000Z,Kenya CitizenTV,PT2M56S
lZecAzw0nDQ,Hotuba ya Raila Odinga kabla ya marudio ya uchaguzi,2017-10-25T17:32:18.000Z,KTN News Kenya,PT2M53S
-d3QfaKo99o,"James Michael, mchezaji wa NBA azuru Kenya",2017-06-26T14:47:07.000Z,KTN News Kenya,PT4M11S
MjPvqYRDyWI,SPEECH NI TRILLANES GAGAMITIN EBIDENSIYA SA KANYANG KASONG REBELYON NG MGA ABOGADO,2017-11-09T18:10:03.000Z,Kidlat HDTV,PT15M50S
My8KS7RZFXg,The State of the Nation: Ending the IEBC ballot tender stalemate,2017-07-13T05:17:03.000Z,KTN News Kenya,PT42M54S
VI39inC4XkM,MUHIMMATH madhurasool vilambara ryali 2017 @KSD(2),2017-11-20T05:03:56.000Z,Husain Iruvamballa,PT8M55S
Ypunoojmkso,"Sonko, Igathe take oath with pledge to transform Nairobi",2017-08-21T10:28:50.000Z,Capital FM Kenya,PT4M43S
W8GF0R8gKwI,( OFFICIAL ALBUM ) CHARIOTS S.D.A CHOIR KEROKA - NIMEPATA RAFIKI (BEST EAST AFRICA GOSPEL MUSIC ),2015-03-30T12:31:32.000Z,CHRISTIAN GOSPEL MUSIC,PT6M3S
_uznsjLr7gI,"Guns No One Needs, Pt 1: The S&W Governor",2017-08-28T20:33:09.000Z,ArmslistMedia,PT8M38S
lZiF3_5xMIE,Univeristy of Nairobi Closed today in the morning,2017-10-03T11:13:26.000Z,Africa Top Hits,PT3M2S
NKbS4ZklILo,IEBC officials caught taking a nap during work time,2017-08-09T02:48:56.000Z,The Star Kenya,PT2M16S
ET7ovN80LNE,Was There An Attempt On Raila's Life?,2017-11-18T10:52:22.000Z,Kumekucha Chris,PT11M22S
-Y8O_iJv6FU,SBI Assistant Manager Takes Life in Marripalem | Vishakapatnam | Studio N,2017-07-06T10:59:45.000Z,Studio N News,PT2M33S
7K08W-QM0qg,Top 10 Oldest African Presidents 2017,2017-01-13T13:00:01.000Z,Hirwa 10,PT4M1S
MflT9kk5eZY,Barbara Marciniak Pleiadians - Multidimensional Space 2017,2017-01-28T13:47:04.000Z,Barbara Marciniak - The Pleiadians,PT2H36M34S
cUGj5ghaB8s,"You cannot claim that Matiangi is asking Kisiis to vote Jubilee to retain his job, Isaac Mwaura",2017-06-22T05:41:31.000Z,KTN News Kenya,PT3M4S
Ffnr68xDJws,"NYALI MP Mohamed, JICHO PEVU  DEFECTING TO JUBILEE SHOCKS KENYANS",2017-10-10T04:12:29.000Z,Kenya Hottest News,PT25M36S
6TwRgULjTho,Electoral Law Changes: Public participation,2017-10-04T07:01:34.000Z,KTN News Kenya,PT12M53S
sunXWgm9KWk,"CM KCR Speaks over New Secretariat, Grounds etc in Hyderabad | TS Assembly Session || T News Telugu",2017-11-01T06:06:54.000Z,T News Telugu,PT28M24S
nl1yp_svGow,The late Gakuru  promised a different kind of leadership when he was elected,2017-11-07T18:05:38.000Z,K24TV,PT2M56S
VxWZpz8xSss,Governor Joho  addressing residents of Mariakani,2017-06-08T14:17:57.000Z,Kenya CitizenTV,PT9M33S
h-_yPtxb3m8,Salaries for MPs #CitizenExtra (Part 2),2017-08-24T12:14:07.000Z,Kenya CitizenTV,PT12M31S
63PUFUj_1r8,[SHOCKING] DUTERTE to JOMA SISON: BUANG ka! May COLON CANCER ka! TANG INUMIN yan!,2017-07-25T05:18:31.000Z,Duterte Tracker,PT2M39S
D3LtmwD_bKg,"Queen Elizabeth speaks to Parliament about Brexit, Grenfell, and terrorism",2017-06-21T16:45:58.000Z,NTDTV,PT46S
PqaW6mQknPY,NASA woos Bungoma residents as Raila Odinga applauds Court of Appeal judges on IEBC case: Friday pt2,2017-06-23T18:43:55.000Z,KTN News Kenya,PT13M5S
F3Rc9C24IWg,Hon. Halkano Konso Ali speech,2017-06-25T18:29:30.000Z,Hassan Nura,PT8M47S
fFTbkjGMfOY,"WATCH MARAGA, MAMA NGINA ARRIVE AT KASARANI STADIUM FOR UHURU KENYATTA INAUGURATION",2017-11-28T18:55:30.000Z,ONLINE COMMUNITY,PT4M17S
VHDDDwXUMbQ,Governor Jackson Mandago responds to Nasa's endorsement,2017-07-28T06:38:18.000Z,DailyNation,PT54S
-xxRgnY-CL4,NTA Newsline 3-9-2017 Part1,2017-09-03T21:23:29.000Z,NTA News,PT24M32S
JpoIi-VkWrU,Putin's Security,2017-01-15T03:13:56.000Z,Breaking News,PT1M36S
tKNRNBgGZkI,MR CHEBUKATI DROPS BOMBSHELL TO DP RUTO,2017-09-12T09:51:50.000Z,KENYA LATEST NEWS 2017,PT1M11S
QS5BkTaDTUA,Karnataka Assembly elections : BJP unveils its Parivartan Yatra Chariot | Oneindia News,2017-11-02T07:58:37.000Z,Oneindia News,PT1M39S
0eRkDFGmWxI,Hospitali  ya  Rufaa ya Mbale  Yapokea Vifa Vya Matibabu,2017-03-28T12:44:46.000Z,Kenneth Chagara,PT5M46S
iZJe5gDSHrM,UFOS/OVNIS - The NASA Conspiracy - Mentiras da NASA  !!!***,2017-08-01T15:37:47.000Z,DANIKEN - REAL UFO VIDEOS / OVNIS VERDADEIROS,PT9M26S
JDu0aLf3bOQ,Mukeyumiria mahenya-ini ma IAAF WU18 Championship ma Nairobi - Akenya kuhoyo,2017-07-07T20:41:50.000Z,iNooro TV,PT1M17S
BXRwT3nuWZw," WAKE UP    END TIMES PROPHECY NOWADAYS  ISIS Annihilated, World War 3 Begins       WAKE UP via",2017-09-27T04:54:21.000Z,Joshuah Wolf,PT57M41S
G1zyNgUq4ew,Brian Cox Vs Rory Stewart On Scottish Independence,2014-09-13T19:40:21.000Z,Celtic Central,PT11M36S
fsPOs2P13tM,RAILA:UHURU IN BIG PROBLEM AS GUSII DECIDES TO TEACH HIM A POLITICAL  LESSON FOR INSULTING MARAGA,2017-09-05T13:55:03.000Z,Kenya News Alert TV,PT19M54S
yBSO9Vuksrk,PM Narendra Modi to attend Akshardham silver jubilee event in Gandhinagar on Nov 2,2017-11-01T17:18:24.000Z,ABP NEWS,PT4M57S
D61GiYhoKcw,Amaaso ku Ggwanga ne David Egesa,2017-08-30T08:37:35.000Z,Benon Fred TWINAMASIKO,PT33M17S
eck6NXFrhUc,Bharti Singh Full Speech AT Launch Of New Show comedy Dangal,2017-08-03T12:35:49.000Z,BollywoodHelpline,PT5M36S
Ia0lIi8Rx3w,Raila asema Nkaissery hatamtisha,2016-05-02T18:40:35.000Z,Kenya NTV,PT3M4S
hX3j0sQ7ot8,Lofi Hip Hop Radio 24/7  Chill Gaming / Study Beats,2017-07-15T17:32:16.000Z,Chillhop Music,PT0S
w-bXm6zeATU,"Punchline Powerplay: Jubilee Vote Hunt, IEBC in Naivasha, Tackling Hate Speech",2017-09-11T12:56:04.000Z,Punchline Africa TV LIVE STREAM,PT1H5M13S
Kkm6WbLrTiM,News@10: Operation Lafiya Dole Launches Mobile Strike Force Teams 15/08/17 Pt. 2,2017-08-15T22:18:08.000Z,Channels Television,PT13M45S
f7djIYcgbZI,How fake Mombasa witchdoctors carried out his theatrics,2017-09-09T16:07:04.000Z,KTN News Kenya,PT3M23S
EQxaBELQy9E,"""BETWEEN WHITE WALLS"" AGATHA CHRISTIE",2017-11-12T07:17:01.000Z,SOUL OF TIME,PT40M40S
h4Kg5QGMhP8,Jeff and Jalango wishing the KCSE candidates the best of luck,2017-11-07T07:34:54.000Z,Hot 96 FM Kenya,PT1M59S
i5XjKjb9V4s,6-year-old boy gets his wish to be a police officer,2013-04-21T05:44:41.000Z,ABC15 Arizona,PT1M59S
Sl-vmlDWDCY,Web Summit Lisbon 2017 - Day 2 - Uber Presentation,2017-11-09T11:19:56.000Z,Ntech. News,PT1M43S
CtpgmN_6YRI,"Retired IAS Officer , Former TTD EO , PVRK Prasad Passes Away | Studio N",2017-08-21T06:19:18.000Z,Studio N News,PT59S
3O3QCvT-rcI,World Series champions Houston Astros arrived at George Bush Intercontinental Airport.,2017-11-03T01:17:10.000Z,Breaking News,PT1H29M58S
73uG7MA0shY,Seychelle President holds joint address with President Uhuru,2017-04-03T13:47:03.000Z,Kenya NTV,PT25M43S
dR9-dt9mxQU,"Part of Infowars Trump Speech on 1776 Eclipse Day ""Afghanistan""",2017-08-22T06:27:13.000Z,Te_Maui,PT11M19S
vkbTB3dpOsc,Bishop Korir tells President Kenyatta and DP Ruto to stop attacks on Judiciary,2017-07-14T09:22:51.000Z,DailyNation,PT1M22S
YH8UoyyfzGE,North Korea Has a Comeback for President Trump,2017-09-22T08:35:00.000Z,The Late Late Show with James Corden,PT4M40S
0F9s0ndnqoU,RAILA'S 1.94M NYANZA PROVINCE VOTES. NASA'S GOVERNORS DELIVER,2017-07-29T03:09:09.000Z,Kenyan Youtube Trends,PT32S
SI7Y6c8ARLc,LIVE: The latest news making headlines with Larry Madowo,2017-09-14T12:29:17.000Z,Kenya NTV,PT23M1S
xyOTA0dUqJY,Real Salt Lake 1-2 Manchester United - Jose Mourinho Post Match Press Conference - Man Utd Tour 2017,2017-07-18T05:37:48.000Z,BeanymanSports,PT7M44S
Z9o4Rjs4OHc,"""WE WON THE ELECTION"" ~RAILA ODINGA SPEECH AFTER SUPREME RULLING",2017-09-02T06:49:50.000Z,KENYA LATEST NEWS 2017,PT4M57S
JtLmeW-o34c,TESLA CEO Elon Musk Interview for the future 2,2017-09-13T22:29:48.000Z,Jamee Julianna,PT1H3M21S
YSlOf0sU3Ck,"BREAKING NEWS TODAY! JULY 2, 2017 MALACAANG SLAPS HONTIVEROS | BULACAN SUSPEK | DUTERTE ONE YEAR",2017-07-02T01:27:01.000Z,News ThatMatter,PT23M45S
DZ7B191urs0,VICE MAYOR NOVA PAROJINOG GINAGAWA UMANONG PANANGGA ANG MGA KABATAAN AYON KAY PCI JOVIE ESPENIDO,2017-08-06T15:12:33.000Z,FILIPINATION,PT10M35S
y2qK5kTLNII,President Uhuru Kenyatta praises the late Bishop Korir,2017-11-11T12:04:15.000Z,KTN News Kenya,PT11M14S
tpkOXuUDWO4,Kenya's Odinga rejects presidential election re-run,2017-10-31T15:30:50.000Z,TRT World Now,PT1M58S
g0UyCvNAC2o,"BIAFRA: IPOB LEADER NNAMDI KANU HOST A STRONG MEETING WITH GOVERNOR OF ABIA, IMO AND ANAMBRA STATES",2017-10-16T08:34:04.000Z,SCIENCE UPDATE,PT10M32S
EKhyG4XOhao,Team HRC Dakar rally 2016 Stage 9,2016-01-11T23:28:49.000Z,HondaRacingHRC,PT3M23S
bgzVewEW7OE,Preparations underway for Uhuru's swearing in,2017-11-27T16:07:58.000Z,Tuko / Tuco,PT4M34S
OgDqzOARxBs,Raila accuse Safaricom of bungling August 8th presidential poll,2017-09-27T11:46:55.000Z,KBC Channel 1,PT3M22S
eHKTNYs_Bms,BREAKING TRUMP SPEECH ABOUT RUSSIA 7/15/17,2017-07-15T17:03:40.000Z,News Today,PT32M51S
V1hFE5EKH_M,Tight security as dignitaries arrive for tomorrows swearing-in ceremony,2017-11-27T18:11:00.000Z,K24TV,PT2M3S
Xf3JeTKJiZU,Nkaissery's PROPHECY about Elections that came TRUE!!! | KenyanBytes,2017-08-16T10:36:02.000Z,KenyanBytes,PT1M6S
iss3Z0D3b6I,ovi u govoru u UN-u traio podrku izmjenama Izbornog zakona,2017-09-20T17:27:12.000Z,TV1 HD,PT1M11S
Gg5F1UWnfY4,Jeff Koinange Live - With Hassan Omar (PART 1),2017-09-13T19:44:59.000Z,Jeff Koinange Live,PT31M41S
Y_pvbooVfP8,Actress Hebah Patel Participates Traffic Awareness Rally in Madanapalle | Chittoor | Studio N,2017-06-19T05:57:35.000Z,Studio N News,PT1M
k7ljbARfprU,Citizen Extra : EALA Nominations,2017-11-30T08:10:11.000Z,Kenya CitizenTV,PT8M32S
HtWReEU_HWQ,WHY EZRA CHILOBA WAS MENTIONED BY A PASTOR in Raila Odinga's NASA Rally,2017-09-17T14:22:05.000Z,TopGuy360 KENYA,PT1M24S
sZLxUvkDvq8,Uhuru kwamukirwo wega Kisumu na Homa Bay,2017-07-12T22:53:23.000Z,iNooro TV,PT2M
hBlW_4gieh4,Mkutano wa Kidero : Kidero akutana na viongozo wakamba,2017-07-02T14:03:53.000Z,KTN News Kenya,PT51S
PlRHHodcDJE,Khadija Kopa - Sultan Joho 2017,2017-07-24T20:10:31.000Z,cooliyee,PT6M33S
xqKB5e58xpQ,Hon Ngeno dismisses claims made by DP William Ruto against Raila Odinga,2017-07-28T09:19:16.000Z,KTN News Kenya,PT1M3S
aTR6W5T6a6c,NASA in Mombasa 21/7/17,2017-07-21T13:01:58.000Z,kute543,PT5M40S
9OzVDqygRCc,HON OBURU ODINGA AMAZING SPEECH AT HOMABAY COUNTY,2017-07-17T12:55:56.000Z,KENYAN LATEST VIDEOS 2017,PT8M3S
kvePRYehjOI,UHURU KENYATTA FULL SPEECH IN NAKURU AFRAHA STADIUM DURING NATIONAL PRAYER DAY TODAY 10/22/2017,2017-10-22T15:23:26.000Z,Raila Odinga vs Uhuru Kenyatta 2017,PT18M37S
NzunII_CIcw,Giiko gia tha Kirinyaga,2016-02-21T18:02:49.000Z,iNooro TV,PT54S
u3POZMiT3kc,NASA Full MEGA Rally In Kisumu Today 8/3/17 | Kenya Election 2017,2017-08-03T15:07:23.000Z,Raila Odinga vs Uhuru Kenyatta 2017,PT1H48M37S
I_oFSHdkBcI,KTN News Live Stream - IEBC announces President-elect,2017-08-09T11:33:58.000Z,KTN News Kenya,PT0S
Jjdp8D4DtvY,IEBC Commissioner Roselyn Akombe urges for trust from Kenyans on her visit of Kisumu City,2017-10-14T10:35:58.000Z,KTN News Kenya,PT51S
5wK8_PFedEM,abdu samad samadani latest speech      2017,2017-09-21T05:07:29.000Z,Shahin Muhammed,PT18M34S
3rqJRPMDd3I,001 JOHO at mazeraus junction  AMAZING SPEECH COAST POLITICS,2017-06-09T08:20:15.000Z,KENYAN LATEST VIDEOS 2017,PT2M44S
HGuHCamX84M,PAK ON INDIA  Pak media latest on imran khan telling truth of the pakistan & modi makes big problem,2017-11-15T11:22:48.000Z,Vande Mataram India,PT10M21S
Yuvgi5y2Bcs,UNHAPPY KENYA BURNS LETTER FROM UHURU KENYATTA,2017-10-20T06:28:28.000Z,KENYAN NEWS LATEST,PT30S
bnKFaAS30X8,NASA & TRAPPIST-1: A Treasure Trove of Planets Found,2017-02-22T18:00:16.000Z,NASA Jet Propulsion Laboratory,PT1M57S
UBArjFzvCPI,001 JOHO CROWD MOVING SPEECH AT NASA RALLY IN MATHARE AS HE ENCOURAGES CJ MARAGA,2017-09-03T15:43:26.000Z,KENYA LATEST NEWS 2017,PT4M20S
g-XioqYhMIE,Raila Odinga leads NASA leadership to make historic entry to Uhuru Park grounds,2017-04-27T11:30:08.000Z,KTN News Kenya,PT1M40S
sHCFWLrlCWY,Mars Lander and Orbiting Base Camp Visualized by Lockheed Martin,2017-09-29T01:37:40.000Z,VideoFromSpace,PT3M12S
QetnOOKMha0,"STATEHOUSE WORRIED AS MUNYA BRINGS 370,000 VOTES TO NASA",2017-09-09T15:49:27.000Z,Kenya News Alert TV,PT49S
TiumoaLEQaM,Migori Governor Hon Obado DISRUPTS ODM Rally Causing CHAOS,2017-04-03T14:52:21.000Z,Arton Khainga,PT11M42S
0Z-p0oNpky0,Duale asks IEBC to put its act together ahead of poll,2017-09-08T14:34:51.000Z,Capital FM Kenya,PT1M7S
pZ-YvueNP28,Has Raila Odinga Flown to Tanzania for Swearing In Ceremony,2017-08-13T08:36:54.000Z,KILIMANI MUMS AND DADS,PT3M10S
30glZJdji_A,Powers of a presiding officer when it comes to security matters at the polling station,2017-07-26T12:25:34.000Z,Kenya NTV,PT1M17S
XB4hexLWCdc,ISAIAH 53 - The Forbidden Chapter!,2017-10-01T14:42:23.000Z,ONE FOR ISRAEL Ministry,PT26M16S
cGc757_KGrQ,"William Ruto HECKLED Badly in Jubilee stronghold KERICHO""TUNAHAMIA NASA""",2017-09-29T13:00:30.000Z,NEWS CUT,PT42S
tl282fOTmmo,Wilson Sossion President Uhuru Kenyatta's address on teachers salary,2015-09-20T23:10:38.000Z,KTN News Kenya,PT9M23S
PCtaVLnmmw4,Narok North Member of parliament slam JUBILEE during NASA'S press conference,2017-09-27T21:12:42.000Z,Kenya 101 Alert,PT2M49S
MjuxIyv3QYM,Modi Speech in Delhi | ICSI Golden Jubilee Year Celebrations | TV5 News,2017-10-05T02:26:30.000Z,TV5 News,PT3M6S
mzLggDStd-k,Dispute resolution bench book launched by Chief Justice Maraga,2017-08-03T10:12:39.000Z,KTN News Kenya,PT4M51S
c-x4EwmDQ-A,"Sen. Chris Murphy One one One in State of the Union on Iran, Harvey Weinstein & Rex Tillerson",2017-10-08T14:47:15.000Z,SamDaily Network.,PT5M55S
mRf7hHyTepM,NASA SpaceX Falcon 9 set to launch CRS-12 Dragon mission live,2017-08-14T17:23:07.000Z,Speech Bank,PT14M15S
VGSK9HiuA3g,Odinga: I cannot disclose what was discussed in the United States,2017-11-18T13:02:51.000Z,Kenya CitizenTV,PT6M31S
bnP_fKNGfjY,Odinga addresses public on latest developments,2017-10-30T16:55:31.000Z,AP Archive,PT3M37S
ViGAZSUbuJc,Strength of a Woman: Helen Nkaissery,2016-10-08T20:27:33.000Z,Kenya CitizenTV,PT6M26S
scMOyX5wX2Y,DG ISPR Major Gen Asif Ghafoor Press Conference -  5th October 2017,2017-10-05T14:48:37.000Z,Zabar10 Shows,PT56M59S
djpGVYuwKJs,"Petitions lodged allege gross misconduct by Philomena Mwilu, Isaac Lenaola",2017-09-19T19:35:51.000Z,Kenya NTV,PT2M56S
1efn3hJV7Uo,NASA In Narok Live From Ntulele,2017-09-09T13:32:46.000Z,cooliyee,PT50M49S
1KHEEG2gqF4,"Justin Bieber Lifestyle, School, Girlfriend, House, Cars, Net Worth, Family, Biography 2017",2017-08-07T18:16:51.000Z,Celebrity Facts,PT5M2S
rtTcNjDYLZc,WHO AND WHAT YOU NEED TO KNOW ABOUT CJ DAVID KENANI MARAGA,2017-09-18T10:38:40.000Z,KENYA LATEST NEWS 2017,PT30M7S
w0st7es-cpc,India is going to return PoK soon: Jitendra Singh....PoK        ,2017-07-23T05:48:09.000Z,Breaking News,PT52S
Y3VZn9Xa8u4,Introducing the Brownie Burger,2017-08-19T16:00:07.000Z,This Is Mythical,PT1M5S
2sQXfS43Vzg,NASA YOUTH CAUTIONS MATIANGI THAT THEY WILL PROTECT RAILA'S VOTE COME RAIN OR SUNSHINE,2017-07-23T14:03:15.000Z,Kenya News Alert TV,PT1M17S
_xlOmKb-pBI,"#Maamuzi2017 Septemba, 2017",2017-09-03T20:26:30.000Z,Kenya NTV,PT40M38S
8KKDWQNvdqc,"NASA, MUSALIA MUDAVADI ON PROCUREMENT OF BALLOT PAPERS",2017-06-15T10:49:38.000Z,SAMUEL W MWANGI,PT1M38S
SPPM-Nkgddk,"STATEHOUSE IN SHOCK AS Roselyn Akombe CONFIRMS THAT ""POLLS WERE NOT credible"" in Interview with BBC",2017-10-18T05:12:12.000Z,KDRTV Kenya News,PT8M3S
7J9X07kUivI,Jubilee party to launch its manifesto at Kasarani stadium,2017-06-26T11:28:26.000Z,K24TV,PT5M4S
2GHfei8_6_A,Right to Privacy Verdict || Meet the Indian Supreme Court Judges who passed the Historic Judgement,2017-08-24T13:17:35.000Z,IBengal,PT2M15S
RHdiZpB1Akc,President faces difficult task of uniting Kenyans sharply divided along tribal and political lines,2017-11-26T18:52:47.000Z,NTV Kenya,PT5M56S
FYA3TQEXl44,Ousted #Zimbabwe finance minister Chombo in court to face corruption charges | Africa News SAN,2017-11-26T13:00:01.000Z,SAN Africa News,PT2M1S
rRYFS7gYwLg,"NIBIRU PLANET X UPDATES BY Dr Michio Kaku ON FOX NEWS MUST WATCH!!,HORRIBLE YouTube   YouTube",2017-08-21T18:30:00.000Z,Global Retreat!,PT4M27S
oQFJmr32Jto,MC Jessy  'Kiambu',2016-10-25T12:14:33.000Z,Churchill Show,PT6M25S
rYgzpN5phXw,Officials Break With The President,2017-08-28T14:05:22.000Z,Trump Is Not My President,PT2H6M37S
OyAOitfM314,CHALLENGE: MODI DI DIRE ITALIANI,2017-11-20T12:59:55.000Z,Briller,PT12M4S
velEfk6TjEY,Raila Woos Central Kenya Voters,2011-11-27T23:27:23.000Z,Kenya CitizenTV,PT2M11S
RtPiuzZsXzk,Paul Kagame set to run for a 4th term as Rwandan president,2017-07-19T12:33:21.000Z,KTN News Kenya,PT3M36S
dzO8nEetKJc,Mudavadi's SPEECH in Baringo FRIGHTENS Jubilee Leaders KenyanBytes   YouTube,2017-07-15T00:14:02.000Z,Platnumz News,PT12M4S
MgoHv6d3sGU,CONFUSION AS RAILA IS CAUGHT DRESSED IN A JUBILEE JACKET,2017-07-24T14:20:01.000Z,NAIROBI GOSSIP,PT1M7S
AV5cWF8Fu_E,Jesus Christ: Check if you are selected to the rapture; Instructions from the Light,2017-07-22T21:20:34.000Z,The Galactic Portal,PT3M52S
0CPRUcaOwG0,Supreme Court turns down Lawyer Kanjama's technological counsel offer #PresidentialPetition,2017-08-27T18:32:22.000Z,Kenya CitizenTV,PT6M56S
liLGu7p2Ufk,IEBC Chair Wafula Chebukati insists that the results transmission system will not be compromised,2017-08-07T14:36:49.000Z,DailyNation,PT4M13S
RVi5xBWyB4w,Deputy president William Ruto heads to Sugoi polling station to cast his vote,2017-10-26T06:53:56.000Z,KTN News Kenya,PT50S
c-4OxtvfZQQ,The  SULTAN speaking at NASA  rally in Wajir county,2017-04-01T21:24:10.000Z,Abdiyarow Mohammed,PT1M19S
osk77QfG0Lc,Musa Juma  - Raila Amollo,2017-09-13T05:39:36.000Z,Lee Makwiny,PT9M25S
ViHe-LIbTdc,NASA Mps must attend Parliament Opening -NASA Principles ordered,2017-08-30T12:08:52.000Z,Mr. C.E.O,PT5M5S
MFPIB8EGx2k,Baking Soda Water: Daily (Benefits),2017-03-02T22:35:01.000Z,Ryan Taylor,PT4M45S
-0WeURiShfU,EU REFERENDUM- The Real Face of the European Union,2016-06-21T15:56:06.000Z,NeonGod,PT41M48S
Db4LBxTcbtg,Supreme court Judge Ojwang' in bitter exchange with Justice Warsame,2016-09-15T18:08:59.000Z,K24TV,PT4M9S
ZLhkWSLt__M,What I Brought Back From DISNEY | DISNEY HAUL | November 2017,2017-11-09T13:00:02.000Z,Angie In Wonderland,PT12M38S
OjIY1mHS1Ak,Trump Toasts To Great Potential Of United Nation | U.N. Luncheon |,2017-09-19T18:28:54.000Z,Tammera royalty,PT11M18S
RH5F1chEDxE,Kenya opposition NASA condemns the IEBC,2017-09-01T13:19:42.000Z,SABC Digital News,PT3M5S
YmvT5EWCPKc,MADRASATUL SUNNAH ISLAMMYA CHANGAMWE 2016,2016-08-31T15:43:27.000Z,AKASHA DAAWAH,PT2H35M45S
CYRHO-9lIQE,Nigeria Army Passing Out Parade,2016-11-25T12:38:18.000Z,onyeoghani godfrey,PT28M56S
TOfP0gp5oW8,SHOCK as Uhuru is HECKLED and REJECTED in Mombasa after Jubilee Tries to BUY Votes,2017-08-03T10:48:50.000Z,E News Kenya,PT1M24S
i0K0mD_I5jI,Babu Owino in Trouble for calling Uhuru  ''Wewe ni mtoto wa mbwa '',2017-09-25T04:01:03.000Z,Victor Matara,PT1M35S
BKQxJYD_h2c,     // Ivanka Trump Car Convoy In Hyderabad,2017-11-28T08:03:06.000Z,World News Telugu,PT33S
0v3uAvwEa_w,NASA in Trans Nzoia: Raila Odinga blames government for maize shortage,2017-06-22T09:22:58.000Z,KTN News Kenya,PT57S
s6_fHQVIgPU,Citizen Extra: Adopt-A-Poll,2017-07-27T08:09:14.000Z,Kenya CitizenTV,PT56M3S
jb8IC3BP1WU,Mombasa land row: Governor Joho demands the release of seven county askaris arrested by police,2017-09-25T10:49:17.000Z,KTN News Kenya,PT3M16S
mS4eeRKmgpg,After MTV Plays F**k Donald Trump Song They Get Worst News Ever From Fans,2017-09-03T15:51:30.000Z,LATEST NEWS GLOBAL,PT2M31S
i-aKaSP-BT8,Boston Police Superintendent-In-Chief speaks to protesters,2017-08-20T01:32:35.000Z,Craig LeMoult,PT31S
jaO-qubG4Bw,"Happening Now 9/22/17 | 1PM | Fox News Today September 22, 2017",2017-09-21T17:51:01.000Z,Michelle Ross,PT26M58S
8AfTLXMCwds,Johnston Muthama joins Raila Odinga and Moses Wetangula in campaigns of Meru,2017-07-25T14:16:24.000Z,KTN News Kenya,PT1M36S
EBwseX_eom0,President Uhuru Kenyatta arrives at Mtito Andei as SGR makes a stop over on route to Nairobi,2017-05-31T12:16:57.000Z,KTN News Kenya,PT1M19S
bylzOP62LU4,Rais Uhuru Kenyatta atoa maoni yake katika buriani ya mheshimiwa Nicholas Biwott kijijini Cheboir,2017-07-20T13:47:32.000Z,KTN News Kenya,PT4M50S
1vxJi9paBRo,"NASA IN VOI TODAY 6/9/17 FULL EVENT,RAILA ODINGA SPEECH TODAY IN VOI #PWANI NI NASA",2017-06-09T16:55:11.000Z,Raila Odinga vs Uhuru Kenyatta 2017,PT1H2M35S
-nMEBT6uChk,Garissa elders urge Uhuru to dialogue with Raila,2017-10-30T11:25:45.000Z,NTV Kenya,PT1M33S
nCc1z-N0Wlw,Junet Mohammed Speech Today In Eastleigh Nairobi County Campaigning for Raila Odinga 9/10/17,2017-09-10T17:33:35.000Z,Raila Odinga vs Uhuru Kenyatta 2017,PT4M31S
yvmh6kk-UAc,KAMBA NASA VIRAL SONG RAILA NDAAANI NDAAANI BABA,2017-05-29T09:41:47.000Z,KENYAN LATEST VIDEOS 2017,PT6M54S
iNsedXBhCSk,Jubilee Coalition Rally in Kisii County,2013-02-20T12:45:58.000Z,UhuruKenyattaTV,PT9M2S
Zt2uN5myKq4,"Uhuru Kenyatta Message to chiefs at Ukambani ""NITAWASORT NIKIRUDI""",2017-08-04T13:08:11.000Z,Quick News,PT10M21S
jfKq-rUNBSw,MUSALIA MUDAVADI SPEECH DURING NASA RALLY IN KISII TOWN TODAY 10/23/2017,2017-10-23T15:47:21.000Z,Raila Odinga vs Uhuru Kenyatta 2017,PT7M52S
BAG8HxiDzL4,"Isaac Rutto speech That everyone is talking about #NASAinEldoret July 28, 2017",2017-07-28T04:23:44.000Z,Muthui Mkenya,PT15M28S
-mxAieSCf1E,President Kenyatta in Vihiga for launch of several projects,2017-06-25T18:49:46.000Z,Kenya CitizenTV,PT3M5S
D1R-jKKp3NA,Steve Jobs Stanford Commencement Speech 2005,2006-03-06T23:46:53.000Z,JoshuaG,PT14M34S
oMFxJw5PJsc,"NASA FULL RALLY IN KERICHO Today 7/6/17 NASA In Kericho,Kericho Ni NASA",2017-07-06T18:18:04.000Z,Raila Odinga vs Uhuru Kenyatta 2017,PT1H5M48S
s_U3E0KVTHE,PSCU Kenya -Kitengela Stadium in Kajiado rally,2017-07-05T15:07:57.000Z,State House Kenya,PT11M32S
qcbrnX43l6g,"WARNING Asteroid On Collision Course With Earth: ""Will STRIKE IT OFF Earthbound COURSE""",2017-06-24T18:33:20.000Z,The Last Joker,PT4M31S
4X4Fy8YqysY,World's fastest talking man sings Michael Jackson's BAD in 20 seconds,2014-02-05T09:27:19.000Z,VideoCollectables,PT3M41S
V3vA26nnp28,#NASAinWestPokot: Isaac Ruto's SPEECH Moves Crowd,2017-05-27T09:08:41.000Z,KenyanBytes,PT3M47S
CcuwAY1X888,OLOKURTO ONE COUNTY ONE PEOPLE DECLARATION.,2012-09-28T21:44:46.000Z,ONECOUNTYONEPEOPLE,PT4M34S
-HxoS4FIcxM,Reasons Why Raila Quit the Repeat Presidential Elections |FlipTv,2017-10-10T20:20:10.000Z,Flip Tv Kenya,PT26M28S
9E15DSNBgBk,Rivers State Demolishes Illegal Structures,2017-08-17T15:01:22.000Z,Channels Television,PT2M6S
mh8p_cW-GTo,Think Tank Special Transmission - Election NA 04 - 26 October 2017 - Dunya News,2017-10-26T16:31:51.000Z,Dunya News,PT35M9S
i7hWJdiF9uc,Chaos erupts as police and NASA supporters clash at Uhuru park,2017-11-17T13:14:59.000Z,KTN News Kenya,PT5M40S
jIiYWOwcFOo,Raila sasa ataka Uhuru Kenyatta kujiuzulu mbali na kutaka wakenya kuchangia kampeni za NASA,2017-09-08T16:13:12.000Z,KTN News Kenya,PT2M29S
Io-ktvVKEGo,Amason Kingi becomes Mombasa Governor Joho's running mate,2017-05-25T14:46:14.000Z,KTN News Kenya,PT7M13S
P42MISYslyU,Brothers Meet Little Sister For The First Time!,2016-07-04T00:23:37.000Z,Armstrongs In Real Life,PT10M26S
6h-yHAMkYrc,"NAGBABAGANG BALITA | JULY 26, 2017 | DUTERTE | NPA | SUPT. MARCOS | PNP CHIEF BATO | SENATE HEARING",2017-07-26T07:25:06.000Z,Ordinary Filipino,PT1H13M32S
hCSaePBxTuA,JUNET HEROIC MOTORCADE TO MIGORI AFTER HE WAS RELEASED,2017-07-22T05:32:17.000Z,KENYAN LATEST VIDEOS 2017,PT15M1S
wwHkYmgZaHs,Kenya elections: police and protesters clash over contested rerun,2017-10-26T14:50:03.000Z,Guardian Wires,PT1M30S
Wp13pNILmuU,Sarah Sanders White House Press Briefing on President Donald Trump Latest News 9/13/17 Trump News,2017-09-14T05:25:24.000Z,PRESIDENT DONALD TRUMP NEWS & LIVE SPEECH 2017,PT26M4S
xFB1PJrO7Eo,Citizen Extra : Supreme Court Battle[day 2],2017-11-15T07:58:55.000Z,Kenya CitizenTV,PT33M38S
p2Pe2FjznUQ,JOVIE ESPENIDO INTERVIEW | MAY BABALIKAN PAKO SA VISAYAS MARAMING NASA DRUG LIST KO!,2017-08-14T05:01:15.000Z,Republic of the Philippines Media,PT34M1S
lcGHKWjFjd4,RAILA ODINGA ARMY READY FOR MATIANGI'S CHINKORORO,2017-10-22T09:14:52.000Z,KENYAN NEWS LATEST,PT46S
aIZUtWqQuHQ,West Pokot Residents Give Up Pastoralism For Gold,2014-04-05T04:08:03.000Z,Kenya CitizenTV,PT2M16S
8m-x5k8Ns4I,JAMES ORENGO SAYS IF THEY WILL SEND JUBILEE HOME PERMANENTLY,2017-09-10T13:57:04.000Z,Kenya News Alert TV,PT3M40S
a7v5RBy5_WQ,"Matiang'i,Uhuru and Ruto Full Speech at MARAGA's Home turf-Nyamira",2017-10-08T06:32:49.000Z,Mkenya Forums,PT14M59S
9Y30mrQIgeY,BABU OWINO WONDERFUL SPEECH DURING NASA RALLY IN MOMBASA TODAY AT MAMA NGINA GROUNDS 10/15/17,2017-10-15T16:18:00.000Z,Raila Odinga vs Uhuru Kenyatta 2017,PT3M56S
7X0NLuT_oek,President kenyatta and William Ruto in Nakuru  County  ..70+1%,2017-09-02T16:18:25.000Z,JohnM Vevo,PT1M45S
U2v3E38F-HM,Pawan Kalyan Attends Governor Narasimhan's At Home Party in Raj Bhavan | Studio N,2017-08-16T04:22:36.000Z,Studio N News,PT2M56S
TuoH4yr8psE,Nazi Tank Shot Down UFOs?,2017-07-31T14:08:49.000Z,PCGamingDude,PT9M17S
oOTJK0bHdnM,"I'm a choreographer only because of Simbu : Sandy Interview | Jodi, Maanada Mayilada Dancer",2017-07-07T10:45:07.000Z,IndiaGlitz Tamil Movies | Interviews | Shooting Spot | Review | Gossip,PT14M20S
n7w80om78Rc,Uhuru Kenyatta awahutubia wakaaji wa Bumula kwa nia ya kutafuta kura,2017-08-01T09:07:21.000Z,KTN News Kenya,PT7M25S
e0U0sFYNruk,Nateete Market Vendors Protest Eviction,2017-08-29T09:42:21.000Z,NBS TV Uganda,PT12M14S
13qmcIrn_qk,Tips for viewing a total solar eclipse,2017-08-08T16:16:48.000Z,UC Berkeley,PT2M47S
-EfViUAUUBo,William Ruto Full Speech In Mombasa Jubilee Rally In Mombasa At Serani Grounds,2017-10-09T08:37:54.000Z,Kenya Tv,PT11M53S
eLJKZ8x3wtE,Kilifi Jubilee supporters ready for poll despite Supreme Court disappointment,2017-09-04T15:03:20.000Z,DailyNation,PT1M49S
hcPUCYVWync,      | US Strong Warning To Pakistan | TV5 News,2017-08-12T13:21:36.000Z,TV5 News,PT2M21S
ZHs7i8kiaTI,CM KCR Clarification to Opposition Over Farmers Problems | TS Assembly Sessions | Studio N,2017-11-02T04:22:36.000Z,Studio N News,PT4M28S
bA1M_0GbBCU,Kilifi Jubilee losers resurface to campaign for Uhuru,2017-09-15T09:54:11.000Z,The Star Kenya,PT3M42S
8G0pbzirUeQ,New information on planned M-Pesa outage availed,2017-07-13T21:29:03.000Z,Kenya NTV,PT32S
14U8VSg4qCQ,Watch  Somebody Mailed Us A Giant Sex Toy Cjsocoolseries,2017-07-13T13:58:21.000Z,American Truth Channel TV,PT17M9S
eNw2vc5rdz8,Supreme court Ruling Day 2  Full Video,2017-08-28T02:35:32.000Z,Kenya News Alert TV,PT1H19M35S
fymfrJRs5yk,Raila Amolo Odinga,2017-06-29T04:43:53.000Z,Kes Co,PT4M6S
Jz-2NRUmaV8,Nasa Dance - Suzanna Owiyo ( Barikiwa Studio ),2017-05-19T14:25:05.000Z,WUOD FIBI,PT7M6S
2asBdNMAXZ4,REASONS WHY Meru Residents Are DUMPING Uhuru Jubilee for Raila NASA leader,2017-01-27T18:34:47.000Z,NEW & FUNNY,PT2M8S
UTGN-Ys4J5E,KALONZO MUSYOKA FULL SPEECH MASHUJAA DAY MACHAKOS,2016-10-21T17:29:41.000Z,Eric Biegon,PT6M43S
z7QjYRVcCpA,One student goes against all odds and emerges top in his school with 427 marks in Kibra,2017-11-24T18:32:42.000Z,KTN News Kenya,PT3M31S
Z8hY1r2mynY,Uhuru Kenyatta Celebrating his Victory Today!!,2017-11-20T08:14:13.000Z,Africa For Us,PT28S
WC5Wn2wa0XE,UHURU AND RUTTO ADDRESSING IN KARATINA NYERI,2017-10-15T20:39:55.000Z,VINCENT ACCURATE,PT10M52S
xtfbyn3eQBM,"Officer seeks adjournment, wants DPP to consider new evidence",2017-09-12T09:55:27.000Z,The Star Kenya,PT1M8S
tjpoIOAv7nc,chairman Wafula Chebukati makes his address at the Bomas of Kenya.,2017-10-25T13:09:41.000Z,City Medics,PT2M7S
YSYIrC4oP4M,PLO Lumumba refute NASA's allegations,2017-08-29T06:47:41.000Z,Northern Frontier Press,PT30M7S
r94Y6x6SrIs,"West PHL Sea issue, iaakyat ni Pres. Duterte kay Chinese Pres. Xi Jinping sa APEC summit",2017-11-09T08:09:40.000Z,UNTV News and Rescue,PT2M36S
dYoJuHje0IQ,David Ndii moved from Milimani law courts to Muthaiga police station,2017-12-04T15:02:33.000Z,DailyNation,PT42S
w3R5f3DbMKU,JUBILEE CAMPAIGNS IN KIAMBU AS MOSES THREATENS NASA SUPPORTERS IN CENTRAL,2017-09-07T06:45:38.000Z,Kenya News Alert TV,PT18M24S
dE9ig8wQjfY,MLA Of Koratla K Vidyasagar Rao Speech in Telangana Aseembly | Studio N,2017-11-08T10:31:57.000Z,Studio N News,PT2M52S
Wn1oro6kijA,Rais Kenyatta  afungua hospitali ya Jumuia Kaimosi,2017-06-25T16:46:19.000Z,Kenya CitizenTV,PT2M50S
-Lz8Z26Fs8k,Full Episode: The Other News | Sept. 14 2017,2017-09-16T14:04:22.000Z,The Other News CTV,PT26M9S
YoOJlRXiv9o,How to get $1000 Amazon Card - review  11/12/2017,2017-11-21T13:24:51.000Z,review,PT1M42S
ITEB1fu00mE,Raila CONGRATULATES the 2 Judges who Supported Uhuru | KenyanBytes,2017-09-01T15:51:49.000Z,KenyanBytes,PT3M8S
DRDKhwPyF-8,What to do when attacked by bees,2017-08-30T12:08:43.000Z,KTN News Kenya,PT1M35S
Xd6BXgA60Jg,Jeff Koinange Live with Nairobi Governor Dr. Evans Kidero part 1,2016-05-04T20:15:18.000Z,KTN News Kenya,PT16M36S
qSq6mL_rPkc,US President Donald Trump congratulates Uhuru on re-election,2017-08-15T07:58:49.000Z,KTN News Kenya,PT3M30S
AFuc0jjKyKA,Mnangagwa kuapishwa kesho kuwa rais,2017-11-23T17:06:47.000Z,Kenya CitizenTV,PT1M20S
o1fc2wbBXkM,Atongoria a NRM kuuga matikunoga nginya riria Raila akehitithio,2017-11-05T17:09:10.000Z,Kameme Tv,PT2M24S
yukwFqGjXWM,O.J. Simpson - (FULL) Parole Hearing July 2017,2017-07-20T22:59:52.000Z,Seb Menard,PT1H20M42S
zNR4wMyDlhs,Jubilee: NASA's '10 million strong' slogan is a recipe for chaos,2017-06-04T10:47:41.000Z,K24TV,PT3M6S
XiqekzjFGtk,Our leaders are smart,2017-08-16T23:39:53.000Z,RichieFromBoston,PT4M52S
e3oWRthqWDM,Breaking News In Khmer TVFB 2017,2017-10-23T20:59:18.000Z,One New Channel,PT1M51S
UKYMACxscDg,TRUMP,2017-08-20T22:08:59.000Z,Vter NASA,PT4S
u9OuZ3FGV0k,BABU OWINO AND JAGUAR FIGHTING IN PARLIAMENT,2017-10-10T12:41:49.000Z,Frank Obegi,PT1M35S
AqcKKjTzn6M,Enter the secret world of the Freemasons,2013-12-08T17:59:30.000Z,CBS Sunday Morning,PT8M4S
4dCCz2xeXp0,Gor Mahia Fan RESURRECTS FROM THE DEAD.He Refuses to get Buried.,2017-07-07T11:32:48.000Z,E News Kenya,PT1M2S
refsyFl74Kk,Ahmednassir Abdullahi presents his address on the second day of Supreme Petition hearing,2017-08-29T09:50:16.000Z,KTN News Kenya,PT51M22S
sTYnPkVHugU,Powerbreakfast Interview with Johnstone Muthama-Machakos County Senator,2013-07-20T11:56:53.000Z,Kenya CitizenTV,PT50M53S
kniSsvnVKI0,      |        ,2017-08-15T13:49:32.000Z,Ani Popy,PT3M6S
YcId8qtegCA,UHURU HAEZI TUAMBIA TUSIFANYE MKUTANO,2017-07-29T13:01:26.000Z,EAYC TV,PT1M16S
mmUrzSNk6Ds,Pawan Kalyan's Janasena AP Office To Be Set Up At Mangalagiri | Amaravati | New Waves,2017-11-23T11:41:52.000Z,New Waves,PT2M13S
F-aaEV3HRCQ,Deputy President William Ruto's speech at Mashujaa Day,2017-10-20T13:09:24.000Z,Capital FM Kenya,PT3M50S
oqZyihec9S4,President Kenyatta visits the Odinga's to mourn Fidel,2015-01-05T18:10:04.000Z,Capital FM Kenya,PT3M13S
x5eqF2Jhnm8,BABU OWINO SEND WARNING TO UHURUTO DURING LUO FESTIVAL THEY SHOULD START VACATING STATEHOUSE,2017-07-10T14:08:09.000Z,KENYAN LATEST VIDEOS 2017,PT3M40S
f6tp2rpkWQg,AG says president legitimately in office until next one is elected,2017-09-22T14:28:12.000Z,Kenya NTV,PT2M9S
kJxpzth9U7Q,Broadcast By Governor Willie Obiano On 2017 Anambra Guber Election,2017-11-16T15:48:34.000Z,Absradiotv,PT11M35S
IvJfS3SwSDw,"More in depth reporting expected from Kenyan media when covering politics, elections - Press Pass",2017-09-18T23:07:46.000Z,Kenya NTV,PT14M14S
dK0tX_3x51A,"KURIA ,MUTHAMA CHARGED IN COURT",2017-09-12T16:53:10.000Z,Kenya News Alert TV,PT59S
aMMzrbWHTXo,"IEBC registers 3.7 million new voters, misses out on 6.1 million target",2017-02-21T19:10:10.000Z,Kenya NTV,PT3M17S
1fQxsBHt4IQ,Uhuru gets Furious and SWEARS no Mp will get Salary Increment |FlipTv,2017-08-24T11:56:56.000Z,Flip Tv,PT5M5S
_r1Op7745BQ,NASA Principals in show of unity at Uhuru Park,2017-04-27T11:58:01.000Z,KTN News Kenya,PT2M13S
z13mw-bIFkQ,uhuru park worship 2,2013-06-24T05:30:48.000Z,Dan Mbai,PT1H53M11S
AWqeqG1DMqY,Joseph Nkaissery's best friend of 43 years eulogises him at his burial,2017-07-15T11:51:28.000Z,Kenya NTV,PT20M58S
1_xChtO6Xi4,NASA challenges President Kenyatta to commit to fair elections,2017-06-26T18:35:54.000Z,KBC Channel 1,PT4M35S
EphspkXgGW4,Ali Abbas Noha Hyd zainab hun mein bhai,2017-11-14T18:43:47.000Z,Ali Abbas Noha Hyd,PT10M26S
SmusbU40wbA,Raila Odinga sharing the change message with the people of Maili Tatu,2017-07-25T14:02:25.000Z,Arton Khainga,PT8M32S
VwVhyhiFjME,Kakatiya Nritya Kalakshetram Golden Jubilee Celebrations | Warangal | V6 News,2017-08-07T08:33:41.000Z,V6 News Telugu,PT1M14S
pbD6lOPuBNw,GLORIA ARROYO SINAGOT ANG PAMBABATIKOS NI DE LIMA KAY DUTERTE,2017-07-02T23:16:53.000Z,PHILIPPINES GOVERMENT,PT10M11S
mO94sJtImwY,Man captured on camera attacking wife at their home in Thika,2016-02-08T19:49:37.000Z,Kenya CitizenTV,PT3M44S
lSgE-WDxpnI,chebukati warns dp ruto,2017-09-13T20:55:04.000Z,KENYAN EXPOSED NEWS,PT50S
_mXX4cqVkDk,Charlottesville Police full news conference on weekend violence,2017-08-26T09:17:58.000Z,Anthony Kohn,PT11M21S
Zf03tpWn26g,Kenyatta : Kifo cha Msando kisitumike kama kisingizio cha kuahirisha kura,2017-08-01T16:19:23.000Z,K24TV,PT2M22S
4K-zCxQ5KxE,UHURU KENYATTA SPEECHES IN GIKUYU LANGUAGE,2017-10-30T13:01:56.000Z,KENYAN NEWS LATEST,PT9M29S
cJy6CXC24xs,Conservatism in the Age of Trump,2017-11-13T18:06:40.000Z,DukeSanfordSchool,PT1H31M12S
lpLKh6jEWcc,ORENGO LEAKS A PLANS OF HOW THEY WILL MAKE RAILA PRESIDENT,2017-11-25T16:54:38.000Z,Africa Top Hits,PT1M24S
m1L00TcTMUI,#ElectionsKE: Analysts discuss Jubilee's 'obsession' with NASA's candidate,2017-03-25T20:50:30.000Z,Kenya NTV,PT25M4S
UNeHSY4B_1Q,Kenyans will never fight if the elections are free and fair - Simiyu Werunga,2017-07-17T15:51:22.000Z,Kenya NTV,PT1M
95tqZUT4uzw,Jubilee party registered highest number of cases of incitement then ODM - KNCHR Election report,2017-10-09T08:14:45.000Z,Kenya NTV,PT19M28S
YtF4kVZa8NQ,Imran Khan Press conference | 02 October 2017 | 7 News,2017-10-02T12:15:29.000Z,Power TV Talk Shows,PT13M42S
SoiBB4d_0Og,One-on-One with Westlands MP-Timothy Wanyonyi Wetangula on his re-election bid,2017-07-07T05:39:20.000Z,KTN News Kenya,PT18M35S
soAmdlVS9zI,MOOSA SAQUAFI KALATHOOR Muhimmath Silver Jubilee   -30/04/2017,2017-07-14T09:18:34.000Z,Andu Poyyathabail New,PT20M28S
Yzm4-CwmcuE,Melania Trump Saudi Arabia | Melania Trump forgoes wearing headscarf in Saudi Arabia trip,2017-05-20T15:11:47.000Z,Breaking News 24h Channel,PT2M37S
OCGHqiKTdjs,CORD leaders arrive at Uhuru Park,2016-06-01T13:10:27.000Z,Kenya CitizenTV,PT4M16S
2BYjbjCJuR0,NTV Kenya Livestream,2017-10-05T12:18:50.000Z,Live,PT0S
xr5my_6ttZY,TATAK DUTERTE! BAGONG SUPREME COURT JUSTICE BOUNG TIWALA si President DUTERTE! HINDI BAYARANG JUDGE!,2017-07-14T11:14:39.000Z,News ThatMatter,PT12M6S
5JrLtByWjUE,Kenya's Supreme Court set to deliver judgment on opposition's challenge,2017-08-31T17:50:19.000Z,CGTN Africa,PT1M32S
lJnE3GClPqQ,IEBC reveals the company they have chosen to supply ballot papers,2017-06-12T08:49:03.000Z,KTN News Kenya,PT2M54S
r6AQ_85U7Q0,Watch As A Dad Struggles With Meeting His Daugher As A Woman For The First Time,2016-06-17T16:35:43.000Z,The Dr. Phil Show,PT4M44S
QAq3kFpYSIM,"Tunasisitiza msimamo wetu tukiwa Kitale Town, #HakunaUchaguziOktoba26",2017-10-22T12:20:02.000Z,Raila Odinga,PT12M57S
2tX_Su-k9wM,Magufuli amueleze Raila aache aende nyumbani ajifunze kuuza nyanya,2017-08-15T15:09:37.000Z,Tmz Kenya,PT1M25S
fOOah2u3P3k,Kibra resident threatens KTN senior reporter Sophia Wanuna,2017-10-26T03:52:40.000Z,KTN News Kenya,PT29S
IRQX8e8-VI8,RAILA REVEALS THAT THEY USED TO MEET WITH GENERAL NKAISSERY,2017-07-15T18:08:19.000Z,Kenya News Alert TV,PT4M58S
BHMJ6wUVyGI,BREAKING NEWS: University of Nairobi closed indefinitely,2017-10-03T06:53:09.000Z,KTN News Kenya,PT1M38S
VxDa54hGdqE,IS UHURU KENYATTA DESPERATE OR ARROGANT?,2017-10-14T13:53:21.000Z,Raila Odinga vs Uhuru Kenyatta 2017,PT1M34S
sCVLCSR_yFk,Besigye says hacking claims in Kenya election can not be ignored,2017-08-09T18:30:14.000Z,NTVUganda,PT2M59S
9_0peFZmlqs,SA Home Affairs Minister - Zim Permits & Immigration - 8 September 2017,2017-09-08T10:25:12.000Z,Povo News,PT6M57S
Qu9e_GlAaJc,Alien Megastructure Come to end |     ,2017-08-25T13:58:28.000Z,Space News Tamil,PT4M2S
bEU5HMalW_s,HON. JUNET IS NOW FREE ~sEN ORENGO{BEST LAYWER},2017-07-21T13:37:25.000Z,KENYAN LATEST VIDEOS 2017,PT52S
OOrbxj9crJQ,DPP to decide whether to end Kethi's theft case,2017-06-29T04:44:47.000Z,KTN News Kenya,PT39S
J5l5UaViylc,Religious leaders call on Kenyans to maintain peace,2017-08-12T14:23:02.000Z,KBC Channel 1,PT1M56S
yDV2XWWeShY,Raila threatens to boycott Elections without reforms in iebc,2017-09-12T15:39:18.000Z,Political Drama,PT1H38M1S
wFTHAn2J4Ow,NASA PRESS CONFRERENCE TO EXPLAIN HOW HE GOT 8.3M VOTES IN EARLIER POLLS THAT IS UNABLE TO GET NOW,2017-10-27T13:04:13.000Z,Kenya News Alert TV,PT17M11S
P5stzk7Z0FA,DAAWO MADAXWEYNAHA SOMALIA FARMAAJO KENYA,2017-11-27T19:43:36.000Z,Wadani News,PT1M47S
Oi2dSOfD4BA,Rais Uhuru Kenyatta and DP William Ruto in OGEMBO KISII campaiging for Jubilee,2017-10-06T00:38:38.000Z,William Ruto TV,PT1M45S
KFeeZWTTq1g,Kivumbi2017: Countdown to repeat presidential poll,2017-10-25T20:38:27.000Z,KTN News Kenya,PT38M1S
-EiooQ27eJY,Prezzo - Raila 4 President,2013-02-19T13:37:41.000Z,Raila Odinga,PT47S
PiMLi54hf_k,HOW WEBUYE RESIDENTS FOOLED JUBILEE PARTY BY ATTENDING IN LARGE NUMBER,2017-10-06T05:38:14.000Z,KENYAN EXPOSED NEWS,PT1H29M59S
_y6tU_04Tpc,"UHURU KENYATTA, down to earth for spiritual guidance. God bless Kenya. Happy elections day!",2017-08-07T12:20:31.000Z,VideosInclusive Kenya,PT1M19S
-82EWDSUZ2I,The Final Election Result as per IEBC tallying system,2013-03-09T00:05:36.000Z,KTN News Kenya,PT1M36S
uw_TZjCXSSs,NASA unveils 17 member Presidential campaign team,2017-06-07T18:18:09.000Z,K24TV,PT3M31S
fV112PhVZcQ,Nigerian superstar Patrick Nnaemeka Okorie aka Patoranking graces the studio: Guest Anchor,2017-06-23T18:47:06.000Z,KTN News Kenya,PT5M36S
4VJwaaBkgEU,"Breaking News: Trump ""Without Regret"" Over His White Supremacist/Neo-Nazi Deplorable Remarks!",2017-08-16T23:04:00.000Z,Lexi Vixi,PT38M13S
yIZP7jsNlJE,Ex Minister Mukesh Goud Son Vikram Goud Shoots Himself | Latest Updates From Hospital | HMTV,2017-07-28T07:05:15.000Z,HMTVNews,PT1M31S
lxh7mD4TjHE,Sharing Ideas Helps Achieve Your Dreams #Twaweza,2017-06-23T13:38:26.000Z,Kenyans.co.ke,PT2M6S
INvKDLOB72c,CHOPPER CRASH VICTIM CAPTAIN MALOWA BURIED IN HIS RURAL HOME,2017-11-04T19:07:05.000Z,Kenya News Alert TV,PT3M35S
lA8riGC3YB4,Raila leads NASA to Kericho and Narok Counties,2017-08-02T07:09:13.000Z,KTN News Kenya,PT6M2S
4yw2Shf3e_Y,Engineer Students road accident| dangerous road accident| road accident| News Bowl| Telugu videos,2017-07-23T15:58:27.000Z,News Bowl,PT1M53S
orBrCgKiZQA,Odinga to challenge election results in court,2017-08-17T08:28:40.000Z,New Vision,PT1M18S
DVEAoEZj0so,SGR LAUNCH BY PRESIDENT UHURU KENYATTA,2017-05-31T05:49:05.000Z,Robert Waithaka,PT3M13S
3Z9Czy4Bjwg,Orengo is not in any manner closer to respecting Uhuru kenyatta,2017-10-02T16:18:41.000Z,Vcjeim Giqmela,PT52S
NSniWVT9QVk,SHOCKING: Prophet Dr. Owuor Calls Down Rain From Heaven & It Rains,2011-09-27T08:14:21.000Z,Repent and prepare the way,PT34M2S
kBX0b2yYBOk,HomaBay Speaker : County Assembly electsElizabeth Ayoo as speaker,2017-09-06T10:09:12.000Z,K24TV,PT1M52S
w8D3ExkEIEU,UHURU KENYATTA DEPARTS STATE HOUSE TO KASARANI FOR HIS 2ND INAUGURATION AS KENYAN PRESIDENT 11/28/17,2017-11-28T09:10:08.000Z,Raila Odinga vs Uhuru Kenyatta 2017,PT21M55S
ES59eJqhHUk,Broken promises: Jubilee's promise on cheap ugali yet to be met,2017-05-08T19:11:29.000Z,Kenya NTV,PT4M13S
VeYizrfBios,Uhuru snubs IEBC meeting as NASA maintains hard lines,2017-10-23T05:31:52.000Z,KTN News Kenya,PT2M2S
eLP2T5MxxBQ,Intsinzi President,2017-08-15T15:07:43.000Z,INYARWANDA TV,PT3M16S
1mk2OfOSqkY,ODM Nomination in Olympic Kibra,2013-01-17T17:24:35.000Z,KiberaNewsNetwork,PT4M2S
JWOnlM_WMnk,StePhen colbert monologue | trump Family(HBO),2017-08-24T16:39:33.000Z,Tonya,PT10M8S
BzUv298D3uk,"Jai Adhyashakti | Ambe Maa Aarti | Ratansinh Vaghela, Damyanti Barot | Gujarati Devotional Songs",2016-05-20T10:46:57.000Z,RDC Gujarati,PT13M34S
Dnuc6pjaVYo,Good Morning Nigeria 29th June 2017,2017-06-29T10:30:47.000Z,NTA News,PT1H47M54S
wNC_jX6po0c,"Yogi Adityanath Latest Press Conference / Speech In Lucknow, Uttar Pradesh | 19 Sept 2017",2017-09-19T13:21:24.000Z,News & Views,PT7M29S
U4nxoTuRWEU,Wavinya Ndeti launches her manifesto as she makes the following promises,2017-07-21T05:41:20.000Z,KTN News Kenya,PT1M6S
ojlABmm6SaI,New Song_Nathif Tena 2017,2017-07-02T21:03:28.000Z,GARISSATV CHANNEL,PT3M35S
-UjVQuLDo10,THE SUPREME COURT UHURU'S RE-ELECTION.,2017-09-01T09:39:03.000Z,Kenya News Alert TV,PT5M27S
3tIt85DEuiE,New President of Zimbabwe sworn in,2017-11-24T17:24:01.000Z,Latest Hausa Movies,PT1M
odTssGcy-VE,TS Minister Pocharam Srinivas Attended Sarva Sabha Samavesam | Banswada | CVR NEWS,2017-11-19T04:01:01.000Z,CVR Telugu News,PT1M25S
bz0blcmnHGk,LIVE  NORTH KOREA BRINGING THE WORLD TO THE BRINK,2017-09-18T02:47:07.000Z,SHIT SHIT,P2DT2H41M50S
4ktbg-vQ-Mo,At least 23 Foreign Groups are observing Kenya's Elections,2017-08-04T12:47:41.000Z,Kenya NTV,PT1M31S
w6gcwUiLEnU,Gitati: Atumia na kuhuna,2017-10-21T15:11:20.000Z,Kameme Tv,PT32M24S
8b7oa-LFV5s,DP William Ruto BOOED and HECKLED in Lamu | KenyanBytes,2017-07-18T07:24:03.000Z,KenyanBytes,PT3M
AWIBm-AYlMY,#NASAPetion: ANOTHER IEBC OFFICIAL FOUND DEAD AT LATE MSANDO BURIAL,2017-08-20T11:09:05.000Z,kenya Post-Election Update,PT3M35S
-jRcpOBtPK0,Rahul Gandhi speech (Kalaignar 60th Diamond Jubilee Year)English,2017-06-03T17:10:16.000Z,S WEB TV,PT4M31S
UNIUnoqsshY,News Update IS chief Baghdadi probably still alive - US commander 01/09/17,2017-09-01T11:16:22.000Z,World News,PT46S
SWojkyRFIjI,"Midiwo, Gumbo accuse Oburu Odinga of influencing outcome of Siaya party primaries",2017-04-26T19:18:28.000Z,Kenya NTV,PT2M30S
MQuXUy6-zlY,Vice President Pence Delivers Remarks at the Kennedy Space Center,2017-07-06T18:22:04.000Z,The White House,PT22M50S
NjIR48CTbcU,Sonko na Igathe kuruguria manifesto yao,2017-07-24T14:30:56.000Z,iNooro TV,PT1M10S
F7tamNB8Cdw,Zim President Inaguration   24 Nov 2017 Mnangagwa's motorcade,2017-11-24T13:53:46.000Z,nig 263,PT1M17S
t41rdNS54m4,SECRETARY AT THE OFFICE OF THE PRESIDENT NUHA TOURAY TESTIFIES AT THE COMMISSION OF INQUIRY PART 3,2017-09-12T16:56:45.000Z,From Gambia,PT14M52S
O0P7i7i4cGM,RAILA FULL SPEECH AT WANJIGI'S RESIDENCE AFTER POLICE RAID,2017-10-18T13:03:29.000Z,InfotainersKe,PT15M41S
_wef4jT5GBg,How did the Kenyan media cover Kenya's 2017 election?,2017-08-14T23:49:32.000Z,Kenya NTV,PT22M2S
SrDs5Lm2-Rk,        -        - SHIV BHAJAN 2017,2017-11-02T13:18:02.000Z,Supertone Digital,PT7M7S
ni74vfnCMcQ,Governor Joho DESTROYS DP Ruto In NASA Rally In Narok - NASA IN Narok,2017-07-23T01:43:29.000Z,Sciences new daily,PT1M40S
trJCQy-hNMA,"15/07/2017 Akbaruddin Owaisi Amazing Speech In KADAPA, Dist",2017-07-15T09:41:30.000Z,I Support MIM,PT56M35S
jsxnXxHbHQY,BOL News Headlines 6PM 23 September 2017 NAB Reached London Nawaz Sharif HOUSE,2017-09-23T13:43:10.000Z,Talk Shows Point,PT13M29S
uZI_67albmw,      ! Britain's Queen's 65-year-old information!,2017-08-15T10:03:07.000Z,SiNi News 89,PT2M31S
8zmCNRCTfek,Jessica Mbalu Speech In NASA Rally In Mtito Andei | Makueni Ni NASA,2017-06-12T07:10:29.000Z,NASA vs Jubilee 2017,PT2M57S
EY_FEckEMJk,IEBC chair Wafula Chebukati reacts after stakeholder meeting,2017-09-27T10:01:20.000Z,KTN News Kenya,PT1M20S
QhqeyfgU8ko,President Trump Departs South Korea for China 11/08/2017,2017-11-08T05:18:47.000Z,US Live Stream TV,PT3M51S
yUxNbe51hng,''     | MK Stalin Speech | Kalaignar Diamond Jubilee,2017-06-04T06:07:17.000Z,Nakkheeran TV,PT28M57S
u0dHLAKZPt0,Martin Ngatia to Military: Disobey Orders from Kikuyu Generals if Election is Rigged,2017-07-13T18:22:00.000Z,makozewe,PT12M53S
qnum1L4AoKc,DUCATION CS FRED MATIAN'GI APPOINTED AS ACTING INTERNAL SECURITY,2017-07-08T08:53:09.000Z,NAIROBI GOSSIP,PT1M23S
e8I282bd2gs,Vidhana Soudha - CM Siddaramaiah Speech In Diamond Jubilee | Suvarna News,2017-10-25T09:26:16.000Z,Suvarna News |  ,PT5M19S
QZWw6pUDTmw,NASA PRINCIPALS ALSO KNOWS HOW TO RECITE BIBLE VERSES,2017-09-24T18:04:02.000Z,KENYA LATEST NEWS 2017,PT16M52S
sOC3AD728q0,"RAILA ODINGA DECLARES MONDAY A NATIONAL HOLIDAY , NO WORK   2017",2017-08-13T18:20:10.000Z,KENYA LATEST NEWS 2017,PT2M38S
PBNbMSVZMZY,Attending a Church Service at ACK Church Isinya,2017-09-10T10:28:01.000Z,Raila Odinga,PT1H52M5S
iJE2slpghEI,Babu Owino Trial at Kibera Law Courts 1,2017-09-28T09:33:08.000Z,Political Drama,PT6M33S
Nqf15ViHSmQ,Ellen Looks for the Mystery Celebrity Hiding in Her Audience,2017-10-10T14:00:02.000Z,TheEllenShow,PT6M28S
_4KsY-8SBIQ,Kenya police fire bullets at protesters,2017-08-15T12:02:47.000Z,AP Archive,PT2M37S
_4mvvQK2fQ8,p tv patrol live july 27 2017,2017-07-26T14:20:12.000Z,Duterte Daily Latest News,PT57M21S
yW33gfxL31U,TEXTILE SALE,2017-03-28T19:41:19.000Z,UhuruKenyattaTV,PT2M18S
lozCtCeyfxQ,NASA Presser: Election Was a Total Fraud: Raila Must be Announced President,2017-08-11T11:46:15.000Z,makozewe,PT8M6S
UkLt18LEkXM,Esther Passaris on why she is the best bet for Nairobi Women Representative seat,2017-07-06T11:23:33.000Z,Ebru TV Kenya,PT46M59S
vVZ7291hlZw,"CUFI's Washington, D.C. Summit - Jerusalem Jubilee Celebration",2017-07-17T16:14:38.000Z,OfficialCUFI,PT1H13M4S
9LOKp9bXEx4,"""I PAY TAXES!"" Man causes Drama in Supreme Court after his Petition was thrown out |Mr. C.E.O",2017-11-14T19:13:32.000Z,Mr. C.E.O,PT3M33S
y5V54xSPY3Y,Uhuru Kenyatta re-elected for the Second term as Kenyas President,2017-08-12T10:50:05.000Z,K24TV,PT3M17S
o5VIIkWKuJ0,Kenyan official says opposition leaders incited riots,2017-10-30T06:38:53.000Z,Fast News channel,PT1M
_QYJ3FVElmA,"Millie Odhiambo at it again, slams President Uhuru",2017-03-25T08:16:50.000Z,DailyNation,PT2M9S
_DqCsC02gQg,Kiraitu Murungi  launches his manifesto in a bid to unseat Peter Munya,2017-07-18T11:25:44.000Z,K24TV,PT2M36S
w7JNHNonDgU,"Rashtrapati bhavan,Ministry Of Home &External affairs (India)",2016-09-17T18:33:15.000Z,Sajith K.V,PT1M22S
H4pflK8d3kI,President Trump VS President  Obama Visiting South Korea (Huge Difference),2017-11-07T23:19:34.000Z,Right Wing,PT11M23S
6lKzah8vcD8,Raila says no court can stop him from pulling out of elections,2017-10-09T10:55:49.000Z,Kenya NTV,PT1M34S
cnsUxPbYw8o,Governor Narasimhan speech at Venkaiah Naidu Felicitation Ceremony | Hyderabad | Studio N,2017-08-21T09:07:34.000Z,Studio N News,PT18M55S
S9coKlYLLzc,President Uhuru Welcomed in Nairobi Like a KING!!,2017-10-23T16:20:10.000Z,KENYAN TUBE,PT2M8S
jrbjrmFjBuc,Sam Ongeri Speech In NASA Rally In Kisii Gusii Stadium Today 8/1/17 |Kenya Election 2017,2017-08-01T15:12:20.000Z,Raila Odinga vs Uhuru Kenyatta 2017,PT1M27S
jqzP_M1XIn4,VOA: Abaturage barashinja FPR ubusambo mu matora,2017-08-05T13:53:39.000Z,Rugali Gali,PT28M39S
ueQYgxZxv0Y,Solar total eclipse 2018 USA Hopkinsville Kentucky Aug-21 2018,2017-08-21T18:30:59.000Z,Fal Bo,PT5M13S
LbRv93dclqU,BEST SPEECH EVER: President Donald Trump MASSIVE SPEECH at 2017 .,2017-07-31T18:57:23.000Z,TZ NEWS,PT4M24S
GdNKgBdko_8,Nairobi deputy governor Polycarp Igathe on the state of the capital,2017-11-22T18:36:47.000Z,NTV Kenya,PT6M21S
-qR8A9TuxTw,Richard Spencer press conference | 10/18/17,2017-10-19T17:20:27.000Z,Trend X Trend,PT27M55S
SAL3gFhHlL8,PM Narendra Modi     LIVE | Headlines India,2017-11-02T07:23:15.000Z,Headlines India,PT3M35S
NvZ3-QSwFv4,Wearing one of her most exuberant pieces of clothing Queen Margrethe Presents The Queens Watch,2017-07-02T04:17:46.000Z,Royal Fashion Channel,PT2M38S
IBpv5ms3OnU,NASA's parallel rally on President Uhuru Kenyatta's inauguration day: Sunday Edition,2017-11-26T09:21:37.000Z,KTN News Kenya,PT26M50S
WYk4orzOjMk,IEBC meeting with Jubilee and Nasa ends in a stalemate,2017-09-27T15:03:34.000Z,DailyNation,PT4M48S
Qf1JvXA2FJ4,"""Raila's Petition Lacks Evidence"" Lawyer Kinyanjui |FlipTv",2017-08-29T17:30:05.000Z,Flip Tv Kenya,PT12M55S
ebvMEvr5uHw,KPLC Central Kenya branch says it has improved technology to minimise power outage,2017-10-06T13:29:50.000Z,KTN News Kenya,PT1M44S
Xe2l188sRFM,Cararuku- Itua ria kugayania Kenya,2017-11-15T06:05:44.000Z,Kameme Tv,PT57M7S
KlGtLp3EyfE,JUBILEE IN MERU...PRESIDENT UHURU WAS TODAY IN MERU COUNTY,2017-10-07T14:41:10.000Z,Kenya For us,PT3M40S
81j0v90WRCo,News Headlines | 12:00 AM | 15  November 2017 | 24 News HD,2017-11-14T19:33:41.000Z,24 News HD,PT13M6S
Dw3WGamBsJk,Do you believe NASA running mate  Kalonzo Musyoka has lost ground in his stronghold?,2017-09-12T11:32:49.000Z,K24TV,PT1H28M36S
b1moTdxiCq4,RAILA ODINGA SPEECH  IN MACHAKOS 10 24 2017 DURING NASA RALLY,2017-10-25T07:19:48.000Z,Trending News Kenya,PT1M1S
l5kHN6KeDFs,Ito na! DUTERTE muling IBINULGAR ang LISTAHAN ng pinakamalaking Protektor ng Dro.ga,2017-09-22T02:05:04.000Z,PCSO Lotto Results,PT11M20S
4hCpl0VGF7I,Kenyans speak after recent political crisis,2017-11-01T19:43:36.000Z,Tuko / Tuco,PT5M40S
k8-UyDmWGqk,"Raila Odinga reveals his ""vital card"" for the 2017 General election",2016-01-22T07:39:23.000Z,KTN News Kenya,PT2M51S
EgsAUBQDyHA,Joho's SPEECH in Mathare Sends WARNING to Uhuru | KenyanBytes,2017-09-04T08:42:45.000Z,KenyanBytes,PT7M28S
HzM0HQH_d6s,AHMED SHABIBY MBUNGE WA GAIRO NI NOMA...KWA KITENDO HICHI ANASTAHILI PONGOZI KUBWA SANA,2017-08-27T22:03:54.000Z,Ngasa Online Tv,PT14M55S
Bj23QJkdG9g,Opening Remarks by Massa Crayton at Liberia's First Presidential Debate,2017-08-17T14:46:33.000Z,OSIWA I,PT1M38S
GkgpZKHfiHk,Esther Passaris: It is not business as usual without IEBC changes,2017-10-06T10:05:33.000Z,KTN News Kenya,PT1M45S
eP1jz6zFsSE,Reuben Ndolo aeleza alivyo pokonywa mkewe #Maamuzi2017,2017-09-11T17:02:31.000Z,Kenya NTV,PT53S
KIcWUcRx6wo,Dore uko i Rusizi biteguye umukandida wa PFR Kagame Paul,2017-07-26T17:16:16.000Z,RoyalTV Official,PT3M35S
IGTy1AZyG0U,"Harapang Pangulong Duterte at Pamilya Parojinog, nakatakda",2017-08-15T03:43:39.000Z,Balitang Duterte,PT12M4S
QosCA4d_X24,Raila Odinga Vs  IEBC -2017 !! Tear  Gas Tuesday,2016-04-25T14:14:57.000Z,TheSportsRepublic,PT2M39S
xpkHGsFVX58,President Uhuru Kenyatta arrives at Bomas of Kenya,2017-10-30T15:24:42.000Z,KTN News Kenya,PT2M19S
np0-GZNIrJY,MLA Jalagam Venkat Rao Face To Face Over Singareni Elections 2017 | Studio N,2017-10-05T06:37:44.000Z,Studio N News,PT3M52S
kaUEyG-ffq4,Kenyans go Crazy on President Uhuru Kenyatta along Thika Road -Uhuru Kenyatta Inauguration,2017-11-28T17:13:18.000Z,Mr. C.E.O,PT5M1S
t3w-dXEitss,Monday Special : Jubilee Party Pledge,2017-06-26T19:41:44.000Z,Kenya CitizenTV,PT18M30S
SZubODhUItA,K24 Face Off: Did Raila's statement on Kajiado land amount to incitement?,2017-06-20T19:03:58.000Z,K24TV,PT32M
F0hB-S7HSnk,NASA to move to Supreme Court to challenge results of the presidential election,2017-08-16T13:48:35.000Z,KTN News Kenya,PT4M24S
zobs-K6S6GQ,"Mumbai Metro  Raj Thackeray Attacks Modi Over Poor Railway Infrastructure,",2017-10-06T03:24:07.000Z,The latest news of the day 2017,PT4M5S
uY70S6733Zo,MOSES KURIA - RAILA NI NDUME BUTU,2017-10-07T14:36:34.000Z,ChannelYakele,PT13M57S
VNplI97ANl8,Broken Minds States USA Divided House No Stand Vatican Shatter Israel as Glass Rip Off Pages Bibles,2017-07-07T22:01:44.000Z,Near Life,PT17S
stJCb87Cx1c,Kitengela SDA Church Choir - Tazama,2016-09-14T15:57:32.000Z,Duncan Mukangai,PT5M29S
-06f5Gj03Z4,$210 Million Final Knockout Punch To Sanctuary California - Hot News,2017-07-01T03:50:52.000Z,Hot News,PT4M6S
PCL8jabKuyE,Report confirms GSU used excessive on UoN students,2016-11-06T18:27:38.000Z,Kenya NTV,PT3M41S
EuSMjMSDc9k,"OPINION 2017: NASA Anti-IEBC Demos, Mombasa 16/09/2017",2017-10-16T09:20:41.000Z,NASA Coalition,PT49M52S
sDSWeRO9s2s,World class public facilities being developed by HMRL at Miyapur Metro station,2017-11-15T04:49:52.000Z,HyderabadMetro,PT2M21S
loxXh1P2FMc,"Gini Wase Kao (Hood trap video) - Young dave ft. Oti, Laoban",2017-09-11T09:08:09.000Z,Oddmob Music,PT3M11S
z91oThv9H8Y,TOP 10 The Best Talent In The World !!! (Look and BE SHOCKED),2017-04-05T16:09:57.000Z,Len Ken,PT50M35S
eIjVwpcZEl0,5 QUESTIONS THAT MADE RAILA A CLEAR WINNER IN UPCOMING REELECTION || WHAT DO YOU THINK?,2017-10-02T04:43:30.000Z,BREAKING NEWS KENYA,PT10M32S
rY7egfwPl3o,SOMALIA SLAUGHTER AT NASA-HABLOD HOTEL,2017-10-29T14:29:27.000Z,WHITE TITANS,PT5M47S
xj7OWTGT3_c,Actor Chetan Kumar Speech in Basava Samiti auditorium in Bengaluru  | Lingayat Religion,2017-11-26T07:37:11.000Z,KK LINGAYAT,PT15M27S
8dX1nFqg9TU,The life of Nicholas Kipyator Biwott,2017-07-11T19:11:37.000Z,KBC Channel 1,PT3M43S
oe5MiSGxQJU,Isiolo Senator Mohammed Kuti unveils manifesto,2017-07-04T08:06:24.000Z,DailyNation,PT1M59S
BNt7O3tbRx4,Calls by Civil rights group to call off the Oct 26th poll (Part4),2017-10-24T10:35:12.000Z,K24TV,PT28M16S
GX5iFoL-3pQ,STATEHOUSE REGRETS FOR PROPELLING BABU OWINO POLITICALLY BY ARRESTING HIM,2017-09-29T05:50:37.000Z,Kenya News Alert TV,PT7M59S
rrcfam5gh4A,Uhuru and Ruto KNEEL on the Ground as they HUMBLE themselves Before GOD.,2017-11-26T11:35:40.000Z,E News Kenya,PT3M28S
fdvl-IEBnmQ,Top 10 Future Aircraft Concepts You MUST See,2017-09-17T14:00:03.000Z,Adaba Lenra,PT27M10S
c48jSjWmY1I,Anonymous Scandinavia #QuestionAnswr update #Wikileaks,2017-07-15T08:51:27.000Z,The Outer Light,PT11M55S
CoAYX4FgLZ4,Judge Maraga answers questions before JSC in an interview at the Supreme Court,2016-08-31T10:33:15.000Z,KTNKENYA,PT19M29S
TzFI9R4vnJI,MISS ESTHER PASSARIS & 001 JOHO TELLS DP RUTO TO FORGET 2022,2017-09-10T19:25:10.000Z,KENYAN EXPOSED NEWS,PT24M27S
tsu7wEyiWGQ,Xurious -  Hail Victory,2016-11-18T23:47:56.000Z,Xurious Music,PT5M45S
Vj2eN3I9Mvs,Assad Uses Socialist Language But Imposes Absolute Neoliberalism,2017-07-09T02:30:00.000Z,The Majority Report with Sam Seder,PT11M11S
CwlCvbXoPvM,Nasa to institute private prosecution of rogue IEBC officials,2017-09-13T13:53:43.000Z,DailyNation,PT4M53S
mRZBNLQTHo0,3 SIDES OF A COIN IN MEMORY OF THE LATE MZEE JOMO KENYATTA,2009-08-22T14:43:58.000Z,K24TV,PT8M1S
azn0Vt0AFLg,STATE of the BAKWIT ADDRESS ng MARAWI CITY! NAG PROTESTA KASABAY sa IKALAWANG SONA ni DUTERTE!,2017-07-24T06:31:35.000Z,News ThatMatter,PT16M57S
9PfqK_ckrGg,DP Ruto urges Jubilee politicians to unite and support Sonko,2017-05-18T08:49:21.000Z,KBC Channel 1,PT3M25S
8PZ1JZWhYPM,powerful video that could make Raila president anytime,2017-11-27T09:10:31.000Z,ARAP KALYA,PT7M15S
w6-En2a7m38,"Breaking Today 11/3/17, Pres Trump Announces Chair of Board of Governors of Federal Reserve System..",2017-11-03T04:35:19.000Z,President Trump Breaking News,PT8M45S
bc9pbXX2OWs,Duterte to mining firms: Face closure if you pay NPA tax,2017-11-22T09:11:15.000Z,Rappler,PT1M30S
